id,release.name
300848,0
300822,0
514953,0
287650,0
611336,0
41838,0
25824,0
8876,0
358182,0
692313,0
539081,0
163874,0
575792,0
815863,0
25811,0
135122,0
149958,0
535188,0
372309,0
541101,0
605134,0
239740,0
386995,0
223365,0
652784,0
45730,0
672016,0
160881,0
59744,0
373723,0
228326,0
463514,0
643400,0
663761,0
12882,0
270281,0
244586,0
157648,0
644631,0
730551,0
709879,0
706005,0
42595,0
782470,0
28723,0
557761,0
417945,0
575531,0
234425,0
505301,0
74655,0
322532,0
14592,0
515081,0
765750,0
17220,0
617077,0
278999,0
19601,0
38599,0
619882,0
618615,0
681639,0
449471,0
321356,0
530141,0
104765,0
695158,0
509770,0
223779,0
466577,0
148547,0
423012,0
7133,0
358442,0
15567,0
413222,0
80578,0
26902,0
633532,0
435830,0
495734,0
664484,0
112851,0
200689,0
682725,0
287804,0
220917,0
629785,0
11305,0
4967,0
325335,0
82932,0
401583,0
8552,0
217058,0
489673,0
475992,0
495041,0
225610,0
473710,0
710902,0
341940,0
766444,0
432406,0
546663,0
548374,0
704183,0
307618,0
784530,0
534470,0
599659,0
372122,0
577023,0
572855,0
523481,0
219943,0
266932,0
514801,0
421962,0
502384,0
254792,0
138320,0
722546,0
46647,0
547104,0
683402,0
128198,0
818344,0
762520,0
293668,0
117983,0
6949,0
735425,0
158078,0
199953,0
329135,0
276924,0
193554,0
409813,0
440990,0
302176,0
124344,0
762519,0
177029,0
517150,0
512234,0
517488,0
776019,0
696947,0
477268,0
281713,0
492999,0
120640,0
789426,0
785362,0
298921,0
162273,0
605167,0
474726,0
364642,0
307651,0
614890,0
538734,0
767591,0
554760,0
528941,0
293622,0
472444,0
763206,0
239244,0
329967,0
71267,0
282150,0
46723,0
575880,0
539974,0
558289,0
275722,0
179267,0
517634,0
686750,0
766687,0
545429,0
15567,0
789959,0
259476,0
534031,0
23134,0
220650,0
515188,0
237520,0
64434,0
512027,0
737947,0
495799,0
245279,0
264857,0
23178,0
52141,0
755756,0
53826,0
215830,0
754188,0
279702,0
409251,0
646806,0
603055,0
435050,0
340310,0
752185,0
667517,0
150501,0
105115,0
142192,0
296995,0
146503,0
223472,0
457879,0
816840,0
319844,0
333103,0
775316,0
599989,0
80339,0
624887,0
726003,0
811387,0
460988,0
590998,0
509285,0
2016,0
74586,0
312976,0
160605,0
282493,0
161810,0
559004,0
681616,0
405643,0
152247,0
644965,0
64098,0
570488,0
223563,0
466577,0
785416,0
53563,0
508052,0
282711,0
443790,0
708314,0
27997,0
263915,0
585535,0
428274,0
150354,0
556140,0
314,0
157419,0
448373,500
146292,0
509726,0
467695,0
287672,0
662561,0
206882,0
493266,0
577462,0
611258,0
293884,0
47335,0
692436,0
783225,0
386120,0
63865,0
582102,0
165664,0
762292,0
128122,0
532741,0
530802,0
327425,0
171820,0
382970,0
663608,0
216819,0
281210,0
495430,0
99987,0
662558,0
375715,0
380099,0
60518,0
345570,0
441344,0
287318,0
285631,0
150516,0
332859,0
79227,0
555209,0
512607,0
331289,0
552899,0
34505,0
355081,0
51405,0
711137,0
291030,0
160060,0
569125,0
816238,0
650697,0
570453,0
296873,0
163436,0
424081,0
755801,0
249138,0
307477,0
627950,0
298719,0
281563,0
671475,0
251703,0
274876,0
282933,0
338931,0
488293,0
173863,0
300163,0
726003,0
102907,0
464781,0
546323,0
542173,0
293755,0
555533,0
339485,0
615284,0
769648,0
772527,0
92936,0
272703,0
56617,0
282914,0
186934,0
288454,0
190811,0
559989,0
1818,0
219272,0
560818,0
715197,0
395333,0
138157,0
15327,0
296872,0
307149,0
386702,0
658324,0
463518,0
323381,0
708200,0
212353,0
48411,0
748222,0
252341,0
588630,0
691036,0
665347,0
678270,0
463706,0
282385,0
597320,0
104062,0
647842,0
420785,0
138009,0
483228,0
516641,0
123825,0
611925,0
369886,0
601992,0
367900,0
158078,0
124147,0
452242,0
508063,0
222208,0
126280,0
204315,0
244757,0
152147,0
437901,0
235400,0
623410,0
380552,0
263855,0
389989,0
273745,0
29321,0
627807,0
284078,0
350343,0
814253,0
735109,0
23176,0
216087,0
743543,0
645036,0
594771,0
540711,0
555131,0
619435,0
639500,0
519747,0
65820,0
133,0
679314,0
654066,0
436788,0
480173,0
64547,0
645036,0
347283,0
377447,0
279813,0
304190,0
292356,0
125805,0
435836,0
400543,0
299146,0
208685,0
310421,0
34603,0
588884,0
722045,0
167972,0
15588,0
662089,0
285677,0
328589,0
436788,0
60339,0
537517,0
161790,0
156038,0
113380,0
712458,0
230945,0
28356,0
36072,0
627736,0
180481,0
372927,0
195122,0
721801,0
492520,0
221012,0
141769,0
286870,0
555552,0
22096,0
484857,0
315023,0
756949,0
151246,0
72103,0
557522,0
156712,0
150242,0
83310,0
321603,0
209913,0
180508,0
57678,0
391899,0
384736,0
114406,0
346332,0
34575,0
174635,0
542178,0
303880,0
24765,0
34130,0
52709,0
734716,0
428735,0
747610,0
448675,0
211838,0
457415,0
667999,0
199793,0
681223,0
688578,0
74803,0
301389,0
391799,0
735410,0
529798,0
609943,0
439614,0
600581,0
729676,0
19265,0
819440,0
371,0
205255,0
370175,0
688685,0
665478,0
237545,0
142115,0
421999,0
226854,0
475523,0
65220,0
747512,0
114398,0
769962,0
130556,0
221445,0
538812,0
324688,0
495943,0
154936,0
584767,0
237735,0
522008,0
323408,0
200284,0
138100,0
319515,0
53068,0
143653,0
662932,0
398259,0
467245,0
805384,0
226149,0
583091,0
24673,0
277866,0
630606,0
192864,0
138006,0
344546,0
618681,0
8497,0
257800,0
385924,0
227007,0
609165,0
340,0
311757,0
509321,0
77293,0
179290,0
481769,0
648915,0
757061,0
565273,0
278622,0
25826,0
308612,0
500301,0
762451,0
447727,0
275315,0
688815,0
653224,0
656513,0
632827,0
329922,0
60332,0
292662,0
148848,0
409364,0
262136,0
553397,0
288774,0
762361,0
604938,0
174343,0
462410,0
386075,0
11462,0
715143,0
496543,0
776987,0
388945,0
243895,0
282034,0
460246,0
363561,0
739802,0
8768,0
205285,0
437552,0
724004,0
426506,0
681552,0
683115,0
152856,0
345598,0
236463,0
609931,0
105923,0
421820,0
542748,0
541927,0
499460,0
59460,0
530926,0
131443,0
757812,0
580860,0
253452,0
495309,0
2210,0
460246,0
235138,0
282100,0
149697,0
237875,0
789605,0
130,0
391911,0
531888,0
546441,0
722229,0
55934,0
310248,0
681735,0
221677,0
661309,0
460926,0
576541,0
47304,0
521383,0
324015,0
785362,0
223563,0
295123,0
478222,0
293622,0
615562,0
237547,0
597462,0
105323,0
249662,0
295644,0
695138,0
68914,0
405065,0
25426,0
600205,0
564601,0
265380,0
539338,0
8567,0
284595,0
226149,0
40395,0
91448,0
229522,0
124135,0
646216,0
29186,0
275954,0
469705,0
608237,0
605651,0
567604,0
343010,0
736813,0
347917,0
2058,0
16743,0
300387,0
531252,0
562002,0
655158,0
512344,0
685885,0
818130,0
396810,0
22780,0
250057,0
578327,0
10168,0
782449,0
645658,0
675210,0
686979,0
609306,0
759910,0
627032,0
686635,0
769742,0
64429,0
286522,0
202993,0
74803,0
246546,0
232875,0
346713,0
299377,0
792118,0
591025,0
46067,0
675629,0
785786,0
713491,0
549533,0
376512,0
709759,0
668413,0
22901,0
279403,0
403572,0
239126,0
809828,0
609331,0
212126,0
163281,0
560084,0
668028,0
245264,0
214256,0
135559,0
512216,0
521363,0
320414,0
704088,0
219550,0
598098,0
66818,0
127491,0
513031,0
409139,0
225374,0
317615,0
711509,0
112284,0
411428,0
48593,0
519688,0
45795,0
559294,0
531919,0
578604,0
272685,0
30956,0
272334,0
688952,0
13904,0
75789,0
443438,0
301417,0
572666,0
281000,0
189516,0
22353,0
244426,0
536523,0
680734,0
151707,0
156542,0
396156,0
106108,0
554077,0
570508,0
594792,0
753651,0
24732,0
283030,0
615142,0
142667,0
373723,0
808649,0
254082,0
684294,0
610244,0
22067,0
349121,0
279573,0
32680,0
91291,0
15564,0
20797,0
394187,0
712469,0
388984,0
556327,0
83355,0
351029,0
708601,0
27415,0
409661,0
312458,0
316040,0
606342,0
307974,0
215115,0
482113,0
94209,0
665359,0
246943,0
156224,0
579648,0
440942,0
808024,0
337157,0
445975,0
27630,0
271517,0
599113,0
291991,0
154567,0
133467,0
63882,0
603736,0
128135,0
224850,0
385038,0
793204,0
304844,0
409433,0
37893,0
65629,0
175825,0
137244,0
315004,0
683558,0
668323,0
278822,0
179587,0
499824,0
216616,0
64139,0
428294,0
573497,0
651412,0
233540,0
416698,0
177537,0
236132,0
274193,0
141167,0
8470,0
7085,0
734089,0
245174,0
2308,0
396837,0
164678,0
751145,0
731953,0
665359,0
391613,0
416757,0
470993,0
300821,0
22367,0
283150,0
122610,0
173464,0
673165,0
94385,0
343159,0
27497,0
704552,0
407416,0
645030,0
678009,0
747108,0
150268,0
521576,0
475792,0
646375,0
120715,0
540707,0
372926,0
566959,0
280472,0
64550,0
535192,0
632807,0
633037,0
765828,0
659812,0
464243,0
243639,0
217026,0
372744,0
420490,0
467076,0
301001,0
23369,0
333739,0
602686,0
297839,0
485272,0
335540,0
157882,0
766800,0
24065,0
763433,0
303803,0
281644,0
444039,0
601300,0
353167,0
766573,0
593889,0
744214,0
493248,0
64207,0
329620,0
529899,0
29155,0
135291,0
285335,0
554310,0
77351,0
817763,0
714489,0
477262,0
191878,0
225526,0
290113,0
206729,0
14578,0
476948,0
496005,0
178220,0
43154,0
559373,0
135279,0
356416,0
274211,0
536523,0
443910,0
287074,0
605642,0
22956,0
566005,0
198162,0
687382,0
211974,0
658287,0
231171,0
564154,0
343272,0
477674,0
299130,0
226115,0
762314,0
295373,0
401219,0
662478,0
199869,0
511994,0
283355,0
411463,0
472687,0
466626,0
756181,0
401433,0
273604,0
359570,0
234421,0
624501,0
619860,0
271142,0
529132,0
624707,0
97820,0
708277,0
34127,0
244370,0
527029,0
420796,0
14592,0
505422,0
104642,0
238492,0
138009,0
92649,0
462412,0
64629,0
301993,0
812274,0
74571,0
45282,0
667208,0
210431,0
105753,0
532168,0
669695,0
25180,0
27371,0
553870,0
30962,0
601584,0
443355,0
46549,0
93013,0
146146,0
646749,0
14979,0
470035,0
772708,0
63580,0
45697,0
243041,0
122921,0
635492,0
8784,0
543877,0
734445,0
75254,0
674619,0
489387,0
569125,0
236135,0
289872,0
665478,0
628421,0
241960,0
711620,0
317364,0
552899,0
333770,0
444849,0
103261,0
615211,0
41971,0
554837,0
528682,0
4967,0
715952,0
400773,0
637060,0
642616,0
773435,0
38957,0
30801,0
610555,0
818883,0
740622,0
501402,0
436,0
6965,0
21651,0
568321,0
185742,0
767498,0
254168,0
134912,0
286272,0
224850,0
204360,0
769337,0
460948,0
487958,0
221479,0
293515,0
111427,0
509441,0
469687,0
680457,0
24250,0
110142,0
129742,0
479032,0
758028,0
14329,0
462168,0
323213,0
12539,0
509285,0
282395,0
611769,0
623984,0
425923,0
479327,0
266372,0
477788,0
435284,0
373411,0
428296,0
409123,0
502979,0
585760,0
750413,0
18368,0
809349,0
323471,0
14367,0
221546,0
383810,0
532529,0
392918,0
109268,0
476245,0
323735,0
150705,0
128977,0
597540,0
115747,0
706252,0
454349,0
153305,0
789617,0
86259,0
65393,0
286427,0
225,0
570508,0
65623,0
372125,0
65576,0
489780,0
433331,0
657107,0
440040,0
662916,0
511645,0
757165,0
531252,0
271042,0
170716,0
504206,0
551252,0
359463,0
204453,0
455287,0
147139,0
148608,0
627950,0
735395,0
313492,0
495559,0
55322,0
579569,0
776439,0
682247,0
52212,0
341940,0
174801,0
146284,0
497830,0
312051,0
763388,0
360235,0
774930,0
8577,0
396837,0
356456,0
383789,0
22126,0
98599,0
12891,0
373724,0
702121,0
791949,0
200685,0
147639,0
175378,0
62706,0
78472,0
154986,0
686666,0
619807,0
289149,0
309435,0
818326,0
35369,0
729456,0
681008,0
37883,0
216426,0
743070,0
99095,0
48950,0
626842,0
24826,0
369461,0
306065,0
239051,0
226851,0
226614,0
25561,0
809196,0
224620,0
544754,0
602149,0
199914,0
407754,0
518151,0
60587,0
533915,0
174061,0
12884,0
105100,0
541577,0
468309,0
135402,0
210456,0
52666,0
756725,0
808,0
812627,0
109107,0
42180,0
284052,0
155871,0
92051,0
699416,0
606364,0
188177,0
495796,0
62750,0
597508,0
422119,0
625398,0
9066,0
371487,0
300483,0
303090,0
57714,0
208683,0
24822,0
9844,0
55201,0
177430,0
786773,0
725029,0
810182,0
208586,0
179413,0
308387,0
228665,0
148683,0
85554,0
157333,0
781922,0
279570,0
555518,0
440144,0
619838,0
1620,0
34608,0
546646,0
13139,0
544392,0
449692,0
174657,0
113171,0
761599,0
185110,0
284788,0
281536,0
293650,0
286538,0
603540,0
391347,0
818031,0
254710,0
802902,0
154446,0
30893,0
284542,0
230859,0
650737,0
12539,0
817501,0
553262,0
429824,0
240938,0
589057,0
60339,0
487924,0
508143,0
32217,0
46464,0
282491,0
78736,0
631274,0
22404,0
373288,0
27867,0
295095,0
759051,0
455723,0
217043,0
319809,0
108528,0
817340,0
558469,0
723056,0
57714,0
223562,0
23262,0
988,0
277768,0
232781,0
318216,0
664421,0
225997,0
324882,0
405525,0
128997,0
62238,0
221690,0
29475,0
822062,0
150802,0
702123,0
284078,0
419069,0
86249,0
83642,0
174688,0
91294,0
762539,0
43181,0
153684,0
98599,0
759814,0
287381,0
83547,0
408971,0
718975,0
610331,0
509572,0
22942,0
515096,0
236135,0
197174,0
809,0
822460,0
142115,0
95073,0
577389,0
85254,0
580801,0
622906,0
185777,0
505846,0
550682,0
742306,0
205383,0
532311,0
559863,0
462216,0
497107,0
76746,0
108341,0
500871,0
778010,0
775002,0
218944,0
503547,0
512226,0
363752,0
8759,0
610224,0
709438,0
114412,0
342538,0
28491,0
637374,0
437395,0
275522,0
35149,0
296716,0
585414,0
780781,0
562662,0
331317,0
326331,0
230970,0
152889,0
41797,0
216702,0
599035,0
596461,0
799348,0
350902,0
501877,0
153344,0
283635,0
172858,0
720452,0
15516,0
475847,0
318959,0
586019,0
225440,0
56996,0
553563,0
422320,0
582290,0
313166,0
331266,0
230893,0
522538,0
602304,0
669655,0
249417,0
226889,0
421963,0
126115,0
662656,0
100101,0
57035,0
1224,0
327478,0
785446,0
290701,0
278560,0
800483,0
177206,0
351182,0
624496,0
599190,0
428521,0
673155,0
763904,0
423728,0
775675,0
533363,0
639537,0
505410,0
430799,0
653590,0
282364,0
368796,0
129224,0
175294,0
347757,0
298847,0
98397,0
580087,0
260755,0
448416,0
219093,0
463184,0
98200,0
22484,0
262149,0
295350,0
8539,0
490242,0
77126,0
555129,0
218110,0
327332,0
504423,0
49859,0
141264,0
559,0
98027,0
129313,0
65428,0
569433,0
185934,0
782401,0
345122,0
125738,0
217883,0
216969,0
255383,0
139457,0
734257,0
500537,0
639527,0
386879,0
540837,0
209869,0
139188,0
508264,0
9856,0
510115,0
468309,0
706005,0
251441,0
534155,0
612251,0
23251,0
632887,0
19603,0
533274,0
197289,0
454183,0
240748,0
791485,0
265245,0
9038,0
143822,0
702269,0
639881,0
91300,0
213,0
197986,0
409257,0
619744,0
504793,0
65452,0
211003,0
493539,0
660019,0
553262,0
290005,0
609053,0
739282,0
272849,0
290943,0
249613,0
1656,0
148194,0
112186,0
514965,0
819293,0
715295,0
117369,0
780297,0
131960,0
818087,0
226814,0
228741,0
174703,0
247671,0
104144,0
536803,0
350855,0
217184,0
451367,0
111304,0
480093,0
407562,0
398420,0
174662,0
23369,0
507337,0
613103,0
138445,0
613765,0
224623,0
288453,0
586019,0
759814,0
443790,0
91162,0
295173,0
189503,0
283150,0
789959,0
448279,0
13919,0
13862,0
507547,0
796038,0
269516,0
505335,0
314435,0
131598,0
214125,0
310652,0
106926,0
131734,0
627408,0
622883,0
105408,0
788125,0
576048,0
411833,0
553001,0
779118,0
45071,0
326937,0
366584,0
242110,0
27630,0
78637,0
628505,0
226418,0
347112,0
239031,0
425868,0
292085,85555
382315,0
313944,0
565182,0
266372,0
444582,0
36379,0
505465,0
45717,0
780822,0
176847,0
162891,0
536232,0
282150,0
735641,0
614878,0
521760,0
578135,0
461074,0
275331,0
140385,0
680798,0
713200,0
305169,0
611612,0
23102,0
682598,0
422489,0
375651,0
476276,0
74893,0
597487,0
458165,0
455287,0
203675,0
289149,0
333086,0
252899,0
177206,0
437973,0
29387,0
485210,0
134855,0
817855,0
88726,0
184098,0
592680,0
473152,0
8997,0
363506,0
109780,0
470978,0
139457,0
564121,0
341095,0
557621,0
14305,0
783635,0
611922,0
602222,0
472191,0
377202,0
639750,0
327554,0
150911,0
619744,0
598782,0
715455,0
456614,0
514098,0
860,0
266948,0
639042,0
284736,0
455018,0
641828,0
281753,0
762361,0
523259,0
609801,0
398,0
663511,0
307285,0
397816,0
24504,0
50737,0
195716,0
69254,0
109846,0
279091,0
291143,0
239731,0
622234,0
540620,0
509706,0
601969,0
623984,0
235174,0
632110,0
36169,0
131969,0
526303,0
813922,0
79637,0
746875,0
536785,0
297471,0
560618,0
411802,0
47330,0
253291,0
298724,0
555246,0
208424,0
317364,0
102191,0
306715,0
226013,0
798891,0
296611,0
128139,0
550709,0
524019,0
761443,0
300031,0
487339,0
644830,0
386707,0
407754,0
46486,0
47592,0
308407,0
275827,0
423961,0
476476,0
7315,0
46614,0
65481,0
307644,0
711606,0
278992,0
686335,0
287352,0
128149,0
531846,0
123076,0
254009,0
798135,0
253831,0
284637,0
179184,0
124764,0
25133,0
160699,0
520987,0
84466,0
123416,0
105985,0
799147,0
685357,0
250395,0
637620,0
262136,0
35097,0
68110,0
587,0
705863,0
85625,0
240561,0
104787,0
482768,0
113416,0
287254,0
360812,0
251858,0
99148,0
281447,0
300031,0
113410,0
396352,0
237660,0
431442,0
15638,0
503347,0
520602,0
331203,0
817892,0
262113,0
150863,0
21200,0
297013,0
434249,0
337141,0
265303,0
105411,0
701622,0
484161,0
9552,0
240395,0
159947,0
298752,0
700059,0
130398,0
180927,0
557792,0
25453,0
407754,0
771267,0
378580,0
602374,0
148128,0
314190,0
301445,0
2004,0
490203,0
271398,0
223456,0
211112,0
212480,0
25564,0
756547,0
245146,0
28356,0
554224,0
53181,0
160998,0
297303,0
14421,0
138186,0
774736,0
12757,0
436396,0
715982,0
87397,0
675211,0
769725,0
543041,0
529684,0
303421,0
275032,0
144765,0
296721,0
725669,0
378995,0
16027,0
508188,0
687092,0
769774,0
372930,0
721962,0
496090,0
285737,0
545825,0
753502,0
34757,0
529514,0
601856,0
95072,0
747166,0
138490,0
747122,0
235159,0
326902,0
570577,0
799732,0
175116,0
534407,0
630620,0
394700,0
14219,0
764372,0
343568,0
48012,0
560096,0
141904,0
177199,0
545975,0
535723,0
786540,0
725674,0
597340,0
406825,0
762191,0
171356,0
489685,0
158319,0
795325,0
527212,0
555129,0
528923,0
23399,0
639392,0
197147,0
739757,0
64371,0
726646,0
511640,0
751145,0
293740,0
763965,0
823059,0
150859,0
414912,0
231930,0
428150,0
25586,0
653740,0
257984,0
606836,0
8986,0
150938,0
542754,0
301421,0
6953,0
150913,0
344890,0
645457,0
539363,0
57000,0
526980,0
721687,0
570488,0
527484,0
305368,0
597790,0
587631,0
33120,0
370932,0
176888,0
22484,0
213943,0
85340,0
345513,0
256119,0
288001,0
109053,0
657107,0
132377,0
303436,0
252899,0
112605,0
69820,0
600648,0
234421,0
68737,0
214868,0
620643,0
271629,0
236630,0
462098,0
635129,0
282022,0
38352,0
330759,0
520987,0
418586,0
234236,0
647942,0
673258,0
199694,0
24239,0
602410,0
609374,0
158386,0
179488,0
639908,0
300907,0
286907,0
27633,0
320428,0
722546,0
443082,0
699549,0
307,0
258315,0
78740,0
51357,0
57839,0
765362,0
711892,0
14561,0
22379,0
602698,0
95078,0
29026,0
729053,0
659943,0
700191,0
360259,0
34396,0
223655,0
235295,0
233908,0
807578,0
233782,0
223566,0
285607,0
703022,0
306057,0
406176,0
612184,0
338819,0
207670,0
465056,0
602229,0
88561,0
294998,0
79225,0
118939,0
154001,0
128937,0
466293,0
506876,0
291748,0
64413,0
532854,0
109040,0
744095,0
282362,0
342182,0
128985,0
34351,0
783194,0
597033,0
417678,0
312389,0
605243,0
774126,0
265300,0
47538,0
254009,0
160142,0
48105,0
57767,0
689685,0
181884,0
420338,0
511911,0
239553,0
599144,0
416722,0
623039,0
124109,0
743805,0
155729,0
70297,0
529055,0
290943,0
72043,0
219160,0
547104,0
301400,0
717333,0
443061,0
543288,0
72103,0
345449,0
657107,0
754327,0
773676,0
141876,0
439909,0
64420,0
106026,0
770,0
300419,0
514842,0
99054,0
759494,0
436856,0
201488,0
122921,0
138140,0
391019,0
155742,0
624865,0
696269,0
614267,0
457876,0
527222,0
225509,0
644803,0
784940,0
290005,0
420138,0
405085,0
289146,0
82925,0
605707,0
199578,0
550937,0
565234,0
95431,0
639962,0
330070,0
599298,0
511959,0
280736,0
591200,0
138026,0
697559,0
605532,0
208882,0
464074,0
152528,0
620938,0
153305,0
653733,0
225466,0
133041,0
636998,0
566576,0
163506,0
577165,0
226246,0
726295,0
572479,0
234700,0
244041,0
559619,0
795397,0
714006,0
179059,0
765362,0
286891,0
309106,0
60341,0
808634,0
55301,0
331631,0
372022,0
317615,0
489212,0
63881,0
821380,0
146411,0
489673,0
765908,0
508638,0
485079,0
316960,0
345723,0
537210,0
516641,0
688967,0
814256,0
536600,0
648437,0
662608,0
505296,0
589319,0
559847,0
132728,0
232971,0
197020,0
781385,0
185940,0
671794,0
246583,0
290001,0
346407,0
192746,0
709759,0
40409,0
64358,0
47633,0
342581,0
154404,0
162535,0
225132,0
681151,0
23102,0
673805,0
559955,0
652690,0
495087,0
170871,0
399933,0
358351,0
148791,0
280410,0
509704,0
758701,0
524252,0
29172,0
225923,0
593775,0
379427,0
343601,0
153196,0
199953,0
153594,0
705848,0
134775,0
28754,0
8759,0
428422,0
546057,0
578298,0
117351,0
513118,0
162141,0
435984,0
582786,0
60417,0
470302,0
505438,0
307454,0
116383,0
262630,0
379517,0
476558,0
555390,0
338983,0
148254,0
451334,0
34483,0
591018,0
64782,0
725703,0
72104,0
280787,0
573824,0
758081,0
225374,0
553504,0
809439,0
618899,0
15931,0
514111,0
441532,0
132769,0
764874,0
258331,0
237875,0
425551,0
707594,0
175301,0
384881,0
120595,0
104256,0
499741,0
800719,0
599643,0
470932,0
212771,0
208681,0
585277,0
341095,0
713439,0
762311,0
539413,0
307644,0
465192,0
639385,0
216081,0
700407,0
401488,0
198380,0
234738,0
217966,0
629748,0
604170,0
277768,0
275954,0
399772,0
285607,0
278032,0
5395,0
768212,0
583392,0
258322,0
683903,0
55238,0
164708,0
803126,0
70646,0
625137,0
366780,0
95340,0
553001,0
37506,0
225988,0
726379,0
506618,0
35631,0
469537,0
663900,0
109846,0
218766,0
572490,0
465807,0
178620,0
228272,0
608749,0
201731,0
536937,0
364307,0
540479,0
532527,0
243289,0
316046,0
473397,0
647213,0
267820,0
64157,0
146308,0
742306,0
292133,0
615129,0
571090,0
443355,0
600571,0
757780,0
591200,0
43318,0
629748,0
390157,0
110159,0
22383,0
94459,0
47639,0
111881,0
27051,0
238767,0
708849,0
269267,0
24765,0
363783,0
509686,0
515081,0
771319,0
386501,0
106254,0
588884,0
518084,0
420605,0
580995,0
286317,0
87904,0
264782,0
630612,0
466884,0
94166,0
240016,0
620764,0
630579,0
161691,0
94240,0
702074,0
53164,0
475877,0
9153,0
761892,0
281586,0
228300,0
719172,0
629722,0
277276,0
406997,0
287223,0
569913,0
93181,0
310877,0
26379,0
599320,0
571600,0
759590,0
1593,0
538806,0
735329,0
529997,0
382118,0
545975,0
457846,0
462774,0
347392,0
297735,0
606097,0
286965,0
529997,0
171941,0
346208,0
599859,0
278003,0
148743,0
74608,0
599236,0
242490,0
223624,0
777840,0
349100,0
418240,0
772499,0
257891,0
56789,0
27703,0
461028,0
299,0
185937,0
280531,0
280211,0
754127,0
212126,0
505423,0
479958,0
786180,0
307287,0
450834,0
7049,0
278726,0
759579,0
734782,0
227650,0
221684,0
174801,0
816250,0
203257,0
581894,0
780902,0
165397,0
280787,0
743937,0
610224,0
547284,0
203410,0
162230,0
225158,0
23967,0
38027,0
448201,0
196566,0
429695,0
120256,0
67443,0
146604,0
65428,0
552858,0
302022,0
563109,0
225440,0
731981,0
722155,0
418177,0
725807,0
365859,0
337123,0
341940,0
92631,0
207670,0
481828,0
295070,0
321474,0
600650,0
502757,0
742576,0
154924,0
635170,0
421962,0
597112,0
150096,0
330154,0
803687,0
92091,0
514617,0
240644,0
686954,0
76202,0
816522,0
360295,0
810158,0
292235,0
43438,0
295123,0
463655,0
60485,0
562080,0
762407,0
198389,0
786949,0
515100,0
304110,0
153075,0
760855,0
286010,0
589057,0
90302,0
622906,0
646868,0
639908,0
278510,0
1224,0
64157,0
468713,0
331557,0
315756,0
463877,0
411277,0
451199,0
395797,0
608959,0
142750,0
226915,0
597233,0
281782,0
619823,0
25181,0
601547,0
5402,0
295597,0
223470,0
601433,0
695511,0
288450,0
738,0
804421,0
71603,0
416731,0
60049,0
289903,0
589751,0
665465,0
667952,0
463667,0
160073,0
8350,0
65522,0
479326,0
653224,0
273611,0
818031,0
691789,0
445750,0
46737,0
565698,0
327022,0
164824,0
682287,0
431568,0
820141,0
146606,0
568312,0
281698,0
65220,0
525940,0
271181,0
29212,0
806960,0
478734,0
784479,0
784742,0
811230,0
35166,0
282227,0
500158,0
696953,0
142365,0
288001,0
200559,0
509704,0
533837,0
324688,0
252341,0
821357,0
138186,0
9039,0
469438,0
776252,0
387111,0
611707,0
295705,0
328398,0
496370,0
673306,0
6988,0
185630,0
218123,0
300401,0
701679,0
230458,0
545281,0
765828,0
368970,0
262115,0
219520,0
480803,0
318926,0
29379,0
66964,0
289872,0
85340,0
433281,0
460964,0
775675,0
310479,0
540308,0
529117,0
12682,0
820141,0
110337,0
260566,0
759082,0
9859,0
291851,0
565418,0
53053,0
530926,0
191051,0
311115,0
599659,0
153286,0
43673,0
448416,0
618373,0
221617,0
511932,0
440196,0
82932,0
102367,0
391883,0
734270,0
394826,0
225900,0
818326,0
724393,0
444570,0
547954,0
279564,0
670472,0
6891,0
416727,0
24504,0
601830,0
282923,0
783246,0
38784,0
235138,0
284474,0
622216,0
29249,0
647745,0
281698,0
261700,0
337538,0
612611,0
291636,0
1798,0
296889,0
25024,0
223721,0
164326,0
230740,0
26166,0
400732,0
195297,0
242839,0
446325,0
777967,0
646640,0
28253,0
519413,0
251622,0
128937,0
499719,0
776019,0
15269,0
160733,0
810202,0
275489,0
36831,0
630373,0
328432,0
418092,0
256070,0
647577,0
215830,0
560017,0
451199,0
597320,0
304844,0
27646,0
713560,0
296721,0
271471,0
156224,0
324747,0
134156,0
69802,0
85226,0
224149,0
92235,0
87591,0
51852,0
153350,0
441002,0
591012,0
314018,0
98008,0
223368,0
775673,0
726761,0
24411,0
251149,0
59411,0
275798,0
446676,0
175508,0
398646,0
773670,0
295599,0
757773,0
654064,0
564694,0
29466,0
505430,0
626791,0
310929,0
71408,0
29258,0
284620,0
451472,0
341869,0
252213,0
281000,0
609492,0
7801,0
505440,0
554752,0
483980,0
294879,0
312343,0
227369,0
64739,0
303109,0
198441,0
31324,0
544622,0
292189,0
481841,0
249472,0
487396,0
804889,0
581881,0
793116,0
355995,0
594703,0
17220,0
217092,0
585414,0
284195,0
59744,0
297944,0
157882,0
786584,0
384801,0
460183,0
387596,0
271042,0
263504,0
345367,0
55888,0
445244,0
464778,0
777566,0
283653,0
186311,0
588642,0
47326,0
256249,0
240472,0
453776,0
277594,0
497348,0
530863,0
580619,0
372988,0
773851,0
28325,0
160060,0
254896,0
768012,0
448416,0
469688,0
715113,0
347138,0
19601,0
492999,0
456141,0
386702,0
56247,0
460878,0
283059,0
46254,0
819293,0
35114,0
90459,0
457510,0
302144,0
91292,0
22455,0
730040,0
536637,0
323348,0
673251,0
292859,0
137257,0
212957,0
457741,0
20903,0
729249,0
667653,0
130922,0
184947,0
553563,0
227650,0
129766,0
164547,0
797645,0
234939,0
232781,0
297093,0
476351,0
265858,0
716926,0
539324,0
45795,0
282456,0
500861,0
72154,0
661435,0
262341,0
732290,0
305233,0
87526,0
792923,0
815189,0
807759,0
10630,0
20683,0
667269,0
129857,0
7133,0
799238,0
679623,0
335936,0
247408,0
65479,0
70128,0
338275,0
531454,0
685053,0
135400,0
93215,0
282042,0
345919,0
322080,0
776175,0
25815,0
41745,0
209378,0
675524,0
54401,0
278874,0
301421,0
2346,0
24889,0
467076,0
383776,0
520471,0
135559,0
533342,0
560992,0
219548,0
771190,0
611118,0
671968,0
795387,0
175378,0
364794,0
285461,0
256018,0
680594,0
382955,0
249609,0
340376,0
699416,0
465307,0
591012,0
210460,0
485654,0
581662,0
212771,0
484159,0
687141,0
534612,0
438662,0
314137,0
703020,0
282795,0
577071,0
280206,0
748788,0
646375,0
25824,0
171954,0
15589,0
465292,0
23891,0
628337,0
136011,0
271036,0
291814,0
129267,0
360290,0
84105,0
368977,0
385499,0
504344,0
368978,0
483799,0
493062,0
38608,0
453576,0
249470,0
757775,0
307775,0
286522,0
820316,0
139004,0
185946,0
771282,0
717271,0
608786,0
513770,0
292141,0
282332,0
14562,0
693024,0
367540,0
297314,0
148624,0
217188,0
535936,0
371942,0
586935,0
521581,0
50904,0
594703,0
782028,0
117464,0
511256,0
807812,0
148757,0
151089,0
188828,0
650736,0
296020,0
190811,0
680579,0
160628,0
179771,0
344464,0
641820,0
282376,0
293769,0
272276,0
141960,0
58509,0
572339,0
95064,0
710826,0
46614,0
301582,0
691789,0
287297,0
528436,0
216819,0
129998,0
281210,0
680783,0
41813,0
703840,0
719534,0
350902,0
209798,0
289937,0
241310,0
31659,0
428202,0
185858,0
440190,0
57315,0
291038,0
131371,0
615137,0
140423,0
290794,0
493663,0
262387,0
46067,0
287133,0
427098,0
304402,0
319809,0
258482,0
297058,0
341842,0
484765,0
536869,0
685888,0
384306,0
328332,0
186892,0
509185,0
252603,0
507008,0
312271,0
602067,0
216702,0
12891,0
140375,0
490351,0
524019,0
337167,0
609807,0
244917,0
240167,0
24441,0
277871,0
700385,0
302580,0
293515,0
664980,0
152362,0
24684,0
188177,0
729628,0
809096,0
297130,0
669331,0
345122,0
610729,0
57342,0
80491,0
176375,0
544416,0
298933,0
35171,0
433810,0
733984,0
9152,0
15742,0
180508,0
606234,0
494850,0
251930,0
535950,0
632797,0
379530,0
220091,0
775941,0
751480,0
163007,0
129223,0
381886,0
230918,0
379463,0
374501,0
46027,0
47201,0
559989,0
815863,0
72248,0
323457,0
613834,0
28908,0
7086,0
540474,0
309045,0
308121,0
603118,0
516619,0
495819,0
266834,0
265630,0
312153,0
19265,0
586935,0
280669,0
680659,0
363525,0
284600,0
289147,0
542948,0
52353,0
718975,0
85094,0
362872,0
226330,0
585824,0
217642,0
221445,0
256978,0
295597,0
350855,0
120715,0
249198,0
241483,0
703840,0
108,0
252256,0
471047,0
36714,0
260607,0
217177,0
165660,0
229080,0
596539,0
777984,0
43558,0
658287,0
741482,0
299613,0
36338,0
233969,0
162661,0
614711,0
609943,0
292223,0
278227,0
445429,0
242333,0
133451,0
29874,0
29046,0
735421,0
261225,0
470993,0
53746,0
300835,0
615624,0
278824,0
548418,0
511379,0
157067,0
300641,0
175484,0
37491,0
598170,0
29467,0
211906,0
177206,0
434534,0
459483,0
578327,0
185630,0
266948,0
702182,0
531228,0
144788,0
153376,0
239606,0
628337,0
725026,0
813167,0
705129,0
371451,0
284045,0
22383,0
519747,0
68544,0
80969,0
770581,0
47201,0
308016,0
27767,0
300000,0
38769,0
777840,0
263928,0
536984,0
460971,0
485420,0
718282,0
767950,0
429824,0
213506,0
209117,0
709850,0
209881,0
460919,0
757437,0
74859,0
423728,0
131790,0
581079,0
64817,0
609304,0
150319,0
584871,0
384874,0
280528,0
270862,0
284637,0
622234,0
295416,0
464714,0
162755,0
190640,0
585535,0
374636,0
817147,0
333103,0
491003,0
578452,0
627641,0
615161,0
663114,0
26453,0
233357,0
186308,0
145353,0
803175,0
644805,0
299678,0
688694,0
559297,0
764939,0
588920,0
776059,0
237387,0
299890,0
200748,0
404997,0
256775,0
637025,0
544063,0
285396,0
212135,0
160397,0
624029,0
300416,0
524634,0
470948,0
253395,0
225448,0
759660,0
445155,0
453232,0
705424,0
496603,0
401201,0
630476,0
538683,0
739944,0
811989,0
704388,0
92560,0
568482,0
323415,0
144927,0
777245,0
635227,0
511811,0
128106,0
374550,0
146240,0
174657,0
282390,0
644939,0
176238,0
342901,0
283541,0
192864,0
422711,0
244917,0
378996,0
667161,0
623494,0
66828,0
234871,0
763479,0
575281,0
303735,0
285051,0
110112,0
177276,0
611163,0
443784,0
270297,0
314532,0
785963,0
375621,0
238210,0
92906,0
715262,0
443467,0
326964,0
46475,0
72563,0
680677,0
378032,0
119730,0
597520,0
543041,0
630620,0
518183,0
762263,0
423439,0
591026,0
27864,0
702269,0
246071,0
592093,0
646431,0
53595,0
473726,0
87757,0
263884,0
98843,0
739881,0
620633,0
609374,0
71767,0
662047,0
803194,0
315993,0
382330,0
15415,0
739356,0
140390,0
346899,0
1789,0
313492,0
402946,0
289953,0
288454,0
130598,0
798276,0
468483,0
343322,0
449631,0
283324,0
558721,0
342182,0
336779,0
7091,0
65516,0
166629,0
599591,0
787956,0
22786,0
135307,0
505052,0
331311,0
45175,0
286343,0
356763,0
623410,0
378580,0
21616,0
315020,0
666014,0
140672,0
113179,0
555131,0
673306,0
353193,0
71805,0
665930,0
267732,0
658011,0
290582,0
584842,0
555129,0
769217,0
238004,0
46449,0
702585,0
524674,0
720441,0
246262,0
33356,0
539081,0
8566,0
788125,0
228539,0
556611,0
493219,0
12546,0
765824,0
23876,0
152395,0
282364,0
488730,0
188216,0
557587,0
674944,0
603302,0
725628,0
295598,0
266849,0
357852,0
79577,0
248195,0
128135,0
78514,0
804467,0
639881,0
195499,0
368010,0
709418,0
239836,0
391315,0
452608,0
726498,0
239740,0
157094,0
626950,0
144074,0
800,0
138239,0
54072,0
372663,0
472566,0
710695,0
771844,0
703170,0
300546,0
626944,0
310764,0
290686,0
460993,0
539472,0
238883,0
372337,0
662509,0
25086,0
148156,0
294868,0
141876,0
192891,0
33480,0
479468,0
379460,0
176769,0
649320,0
212218,0
599957,0
94602,0
28279,0
340299,0
224258,0
67219,0
273658,0
216084,0
375400,0
505433,0
438975,0
478335,0
659225,0
764876,0
668413,0
291702,0
632755,0
68507,0
253582,0
273668,0
500856,0
768012,0
84,0
664388,0
164674,0
43100,0
123077,0
627001,0
377293,0
139750,0
685057,0
739881,0
22460,0
33356,0
270025,0
568216,0
648890,0
7321,0
669693,0
279684,0
314575,0
13395,0
110171,0
106245,0
409164,0
33071,0
133232,0
582102,0
668028,0
29172,0
777566,0
92151,0
114501,0
205410,0
66510,0
373623,0
283244,0
275321,0
143011,0
152856,0
540474,0
797720,0
803485,0
118602,1408
135389,0
135603,0
243596,0
332606,0
819764,0
132469,0
521623,0
206616,0
598135,0
37095,0
670994,0
343322,0
17419,0
285639,0
98778,0
553397,0
494346,0
249009,0
137777,0
72102,0
279033,0
295238,0
110046,0
509321,0
320271,0
543440,0
185936,0
247822,0
582712,0
592093,0
255526,0
130675,0
662629,0
337526,0
216373,0
84423,0
250842,0
635709,0
487841,0
27806,0
542951,0
281529,0
241204,0
289237,0
14869,0
109780,0
245189,0
115032,0
338569,0
779461,0
599426,0
23179,0
256901,0
608673,0
667479,0
771263,0
442975,0
542207,0
585464,0
813893,0
15821,0
490624,0
237570,0
279640,0
26220,0
174682,0
202873,0
286445,0
436172,0
562015,0
284278,0
513122,0
292250,0
250765,0
768961,0
13340,0
662685,0
713125,0
468243,0
283192,0
667189,0
208878,0
310752,0
146307,0
212278,0
1484,0
256070,0
506628,0
265786,0
47666,0
46630,0
600546,0
506186,0
225991,0
443784,0
8820,0
34573,0
470948,0
273658,0
527501,0
823052,0
109012,0
717911,0
301426,0
156228,0
41788,0
146087,0
555842,0
214103,0
15791,0
555751,0
346332,0
496370,0
526234,0
714353,0
53956,0
506628,0
192088,0
359570,0
431349,0
292289,0
675210,0
1160,0
666403,0
88733,0
531171,0
1197,0
481766,0
111868,0
767253,0
80490,0
233651,0
148610,0
303100,0
673813,0
283205,0
337526,0
120443,0
26734,0
393775,0
55862,0
86064,0
479327,0
648966,0
176769,0
27782,0
628401,0
447827,0
483892,0
705822,0
230265,0
34757,0
556209,0
299148,0
662227,0
33940,0
210310,0
337565,0
57770,0
102720,0
344654,0
138329,0
280392,0
815,0
579914,0
205356,0
244041,0
705129,0
470932,0
216494,0
149708,0
624360,0
453478,0
611763,0
525924,0
390092,0
548422,0
22465,0
383455,0
65452,0
382369,0
386073,0
226559,0
282390,0
667208,0
166718,0
422324,0
259754,0
559001,0
484720,0
372601,0
547009,0
10147,0
648825,0
686183,0
84421,0
29467,0
201649,0
762448,0
316046,0
782647,0
371527,0
521002,0
312331,0
62348,0
301587,0
466626,0
560455,0
405251,0
725532,0
210302,0
448018,0
188189,0
35114,0
460246,0
75091,0
219138,0
255383,0
662089,0
153947,0
273745,0
295117,0
700475,0
338275,0
55215,0
776208,0
657176,0
795486,0
479604,0
185809,0
575781,0
782602,0
168061,0
112605,0
556943,0
611966,0
532011,0
463600,0
142324,0
519476,0
468698,0
176415,0
176894,0
599144,0
462412,0
111988,0
259464,0
105765,0
258981,0
768457,0
285407,0
422255,0
296950,0
212126,0
666515,0
468985,0
138191,0
307773,0
718975,0
129747,0
82532,0
532679,0
521128,0
386704,0
184355,0
485654,0
425865,0
24773,0
495734,0
321478,0
648890,0
747034,0
20907,0
706684,0
685601,0
215115,0
651071,0
18642,0
1036,0
249389,0
106026,0
161816,0
613031,0
618828,0
46544,0
333759,0
618203,0
409865,0
196469,0
244041,0
647281,0
514842,0
217778,0
205382,0
249389,0
225136,0
138019,0
711637,0
208424,0
471671,0
288111,0
431228,0
514111,0
294998,0
11076,0
31528,0
539725,0
63580,0
172323,0
34384,0
791240,0
8504,0
457877,0
253908,0
471184,0
282891,0
748702,0
822236,0
555120,0
174698,0
432366,0
16369,0
658758,0
283993,0
782426,0
569858,0
181407,0
249287,0
20032,0
128135,0
153947,0
594473,0
399217,0
771701,0
570420,0
31744,0
278800,0
399641,0
811461,0
527141,0
275330,0
143958,0
219898,0
116947,0
218508,0
740437,0
283805,0
224632,0
591018,0
739767,0
168502,0
627341,0
27646,0
280475,0
338510,0
435561,0
47538,0
807242,0
130585,0
65640,0
533692,0
128106,0
88747,0
8801,0
148124,0
181787,0
322647,0
507008,0
347282,0
550937,0
572305,0
326817,0
690713,0
810160,0
155097,0
382330,0
575124,0
692284,0
498256,0
111300,0
235960,0
609844,0
297992,0
573734,0
514801,0
539483,0
262311,0
809840,0
606388,0
43558,0
282150,0
53673,0
552624,0
213985,0
283677,0
169203,0
279664,0
372530,0
19113,0
293908,0
88553,0
378998,0
36072,0
71800,0
178550,0
174759,0
629720,0
529902,0
116557,0
535776,0
299496,0
536869,0
287287,0
360241,0
238129,0
623902,0
691749,0
603824,0
304007,0
123603,0
123657,0
574947,0
451479,0
200634,0
27698,0
532154,0
51330,0
380099,0
323429,0
265378,0
19068,0
556508,0
647577,0
480726,0
153103,0
372628,0
133549,0
620764,0
415431,0
265386,0
45989,0
220624,0
65878,0
336115,0
254896,0
245174,0
174664,0
9017,0
521272,0
409506,0
509729,0
310781,0
729776,0
213506,0
220705,0
265616,0
168715,0
387350,0
227369,0
680973,0
587606,0
527870,0
536785,0
350855,0
598764,0
461300,0
558050,0
644515,0
478734,0
500850,0
556611,0
225016,0
71277,0
395976,0
234374,0
556764,0
311333,0
635374,0
454271,0
578397,0
414142,0
459038,0
86177,0
774167,0
313245,0
104883,0
594661,0
528854,0
211454,0
15520,0
806430,0
704331,0
49859,0
365859,0
16061,0
64571,0
643394,0
327658,0
41905,0
345588,0
364644,0
632939,0
27384,0
47319,0
346689,0
611206,0
817337,0
745790,0
558775,0
148126,0
219487,0
176428,0
142964,0
459483,0
45348,0
481650,0
686954,0
463078,0
647761,0
489080,0
1792,0
595434,0
237206,0
466072,0
387111,0
185131,0
295599,0
341262,0
669259,0
12585,0
295587,0
113735,0
627198,0
253037,0
551105,0
328393,0
376787,0
104875,0
248144,0
563784,0
217700,0
288730,0
127851,0
11549,0
597395,0
795012,0
55526,0
557613,0
217540,0
46559,0
9552,0
590908,0
790920,0
281142,0
538761,0
754719,0
769640,0
228390,0
527416,0
467254,0
265153,0
327461,0
637060,0
308335,0
559845,0
287223,0
779906,0
322341,0
620935,0
337773,0
710761,0
226623,0
14329,0
419238,0
238284,0
753939,0
47668,0
146411,0
43847,0
683433,0
620941,0
783213,0
105575,0
321603,0
201582,0
236601,0
814747,0
605794,0
36444,0
156787,0
511363,0
331313,0
143822,0
300907,0
34605,0
601112,0
289164,0
135226,0
729053,0
192744,0
673515,0
19068,0
235358,0
220244,0
410068,0
303750,0
98433,0
168108,0
422785,0
566599,0
150501,0
559294,0
212982,0
435984,0
274438,0
604232,0
125275,0
454438,0
737285,0
601526,0
72485,0
150976,0
111874,0
40837,0
354006,0
566021,0
284567,0
295306,0
605380,0
79225,0
299837,0
259608,0
460246,0
216163,0
154278,0
244041,0
483488,0
331432,0
715572,0
192886,0
766158,0
762361,0
45266,0
13862,0
468536,0
530201,0
770835,0
376903,0
489422,0
174705,0
289142,0
225360,0
217680,0
444039,0
185858,0
620110,0
102054,0
710248,0
615813,0
762404,0
482410,0
535298,0
795650,0
38957,0
75231,0
295151,0
716004,0
533823,0
711053,0
149770,0
191415,0
639392,0
702379,0
363525,0
6953,0
701935,0
15646,0
164964,0
601969,0
484128,0
625445,0
311155,0
428531,0
628406,0
453925,0
628402,0
377443,0
149923,0
390110,0
597081,0
250481,0
316,0
478558,0
294877,0
795296,0
729456,0
810204,0
589045,0
249559,0
227290,0
460993,0
585771,0
233525,0
536681,0
247869,0
496170,0
480803,0
290940,0
816734,0
295117,0
240234,0
110009,0
374550,0
821363,0
670639,0
293804,0
1537,0
38767,0
245315,0
27316,0
123341,0
52356,0
358474,0
570765,0
281753,0
345122,0
123659,0
115186,0
209378,0
129671,0
43676,0
698638,0
667161,0
16027,0
180861,0
179557,0
207670,0
579824,0
53749,0
602934,0
391905,0
294877,0
369893,0
234891,0
414214,0
368975,0
27643,0
689685,0
81295,0
25289,0
121334,0
531283,0
41788,0
284650,0
414488,0
271507,0
501564,0
495327,0
385038,0
462985,0
372988,0
20903,0
105138,0
580521,0
105323,0
129804,0
665034,0
686907,0
46654,0
809332,0
760072,0
103187,0
573754,0
609846,0
315020,0
176776,0
536002,0
690506,0
195300,0
175786,0
374100,0
570833,0
681639,0
22876,0
244863,0
459483,0
263925,0
85082,0
140777,0
392568,0
471605,0
246707,0
307985,0
197998,0
348243,0
691786,0
594658,0
517234,0
489141,0
87743,0
711248,0
539338,0
239436,0
60028,0
644126,0
448487,0
789599,0
281442,0
741259,0
618651,0
708601,0
691606,0
622413,0
86064,0
608617,0
712996,0
517774,0
370167,0
254009,0
704376,0
575275,0
582541,0
130882,0
188444,0
12395,0
298557,0
626438,0
207306,0
290435,0
336772,0
776714,0
357894,0
310400,0
631324,0
24334,0
51853,0
295008,0
547954,0
417438,0
277881,0
281438,0
276869,0
127716,0
370528,0
53517,0
154205,0
537429,0
87106,0
318947,0
41819,0
642791,0
2402,0
270675,0
350410,0
2014,0
112850,0
725036,0
205256,0
364642,0
527947,0
217967,0
14880,0
505788,0
756813,0
435057,0
754697,0
2005,0
93091,0
148979,0
603222,0
713846,0
759854,0
739577,0
294860,0
32887,0
602390,0
368596,0
68561,0
152941,0
818089,0
264715,0
316960,0
8907,0
315785,0
465810,0
172858,0
210302,0
595767,0
179583,0
598764,0
237924,0
608839,0
45686,0
617042,0
275315,0
163941,0
531130,0
792920,0
245315,0
610045,0
268570,0
257800,0
251120,0
40071,0
569125,0
186124,0
34366,0
191758,0
357567,0
554260,0
79861,0
216244,0
149290,0
420109,0
23172,0
406415,0
104838,0
292377,0
21009,0
91073,0
555129,0
280528,0
547424,0
343203,0
762191,0
307513,0
611228,0
120852,0
57633,0
21615,0
8862,0
10149,0
8552,0
123772,0
342093,0
166132,0
58420,0
490988,0
378320,0
489530,0
265738,0
681008,0
288046,0
307580,0
773435,0
672736,0
395385,0
123643,0
509686,0
8456,0
307881,0
239673,0
756813,0
477674,0
225353,0
226851,0
365417,0
246493,0
191680,0
2434,0
131603,0
154721,0
765908,0
286048,0
312854,0
283426,0
37103,0
611922,0
38873,0
693183,0
732051,0
605561,0
584447,0
142144,0
340648,0
603118,0
613074,0
37491,0
53613,0
28908,0
146604,0
307454,0
85958,0
16681,0
164097,0
275520,0
27698,0
600648,0
692305,0
197974,0
818106,0
305795,0
798321,0
384036,0
479116,0
22583,0
37505,0
358182,0
340438,0
66555,0
307773,0
774095,0
45175,0
28295,0
307073,0
538039,0
23951,0
65218,0
17127,0
254896,0
12151,0
238352,0
506495,0
652779,0
535950,0
819,0
65428,0
405866,0
477767,0
331330,0
624882,0
85163,0
711692,0
128106,0
634063,0
531645,0
13924,0
439748,0
279413,0
23447,0
49911,0
308407,0
290135,0
56996,0
821487,0
26872,0
225152,0
389872,0
132223,0
55366,0
559962,0
23951,0
470927,0
34581,0
212730,0
78918,0
10168,0
785343,0
681230,0
661537,0
371428,0
405866,0
260850,0
746212,0
90438,0
162827,0
109829,0
76788,0
408899,0
494990,0
299596,0
536279,0
536704,0
560484,0
536763,0
742306,0
667488,1931
509971,0
427915,0
493286,0
793501,0
438034,0
25833,0
77594,0
225873,0
493298,0
550727,0
723375,0
602352,0
68573,0
65647,0
811461,0
308216,0
782958,0
621409,0
24753,0
757389,0
90459,0
299148,0
291300,0
680370,0
772759,0
331290,0
154511,0
57320,0
288466,0
414941,0
22096,0
55369,0
130032,0
807538,0
148169,0
310700,0
766573,0
577071,0
7982,0
590928,0
768012,0
546652,0
212755,0
314271,0
725665,0
573257,0
509835,0
92527,0
169883,0
183004,0
178577,0
286982,0
437123,0
27630,0
141904,0
517989,0
811311,0
135027,0
313625,0
279091,0
237206,0
174629,0
154721,0
2022,0
68507,0
181270,0
346205,0
179898,0
514720,0
287297,0
293877,0
368962,0
400022,0
188216,0
368975,0
329936,0
398259,0
245079,0
463600,0
57641,0
727876,0
394257,0
530333,0
211944,0
224617,0
296781,0
65479,0
665471,0
299156,0
673803,0
640908,0
542091,0
148146,0
395388,0
505308,0
236595,0
819713,0
186364,0
473068,0
326830,0
535176,0
349295,0
558296,0
220156,0
131071,0
599821,0
743937,0
189558,0
238761,0
451714,0
696379,0
104645,0
766240,0
428212,0
386704,0
239559,0
539621,0
372352,0
346368,0
76211,0
762519,0
283150,0
615115,0
771302,0
569858,0
559913,0
666401,0
304243,0
658032,0
291237,0
67489,0
479986,0
114665,0
633245,0
174867,0
146299,0
474283,0
736184,0
289558,0
455699,0
150034,0
648379,0
22383,0
64186,0
486373,0
793443,0
743070,0
72447,0
228846,0
588642,0
320409,0
236727,0
388992,0
653213,0
615353,0
298752,0
542173,0
494459,0
602053,0
312392,0
280787,0
229718,0
55322,0
92970,0
307441,0
507592,0
302022,0
688578,0
275602,0
38375,0
93092,0
148341,0
519735,0
420080,0
573639,0
323446,0
273881,0
74767,0
642912,0
135485,0
291718,0
328334,0
802033,0
457892,0
74894,0
337100,0
175508,0
571514,0
537383,0
790603,0
143221,0
248865,0
454569,0
78341,0
278972,0
109,0
777840,0
730337,0
413660,0
186231,0
203334,0
280446,0
16681,0
474494,0
62337,0
813956,0
711606,0
505308,0
573754,0
1022,0
130521,0
236135,0
326864,0
385023,0
32651,0
211974,0
714206,0
300411,0
466884,0
509338,0
272297,0
446779,0
129253,0
281825,0
219093,0
601499,0
802498,0
63766,0
414439,0
263655,0
105758,0
715656,0
293621,0
284311,0
564640,0
518347,0
349122,0
522407,0
279684,0
803589,0
391315,0
257268,0
21374,0
377938,0
670712,0
519314,0
253948,0
291253,0
223668,0
25791,0
280181,0
24127,0
345280,0
773152,0
356385,0
839,0
122729,0
25202,0
682722,0
386707,0
807238,0
159601,0
350438,0
768418,0
274889,0
256234,0
646387,0
413547,0
328151,0
391698,0
681692,0
435385,0
275330,0
665048,0
615263,0
785780,0
575324,0
447646,0
76216,0
266810,0
64413,0
192588,0
606149,0
291038,0
28863,0
80685,0
532679,0
76785,0
715795,0
533915,0
714651,0
634092,0
124373,0
263360,0
282022,0
157986,0
240350,0
716004,0
467580,0
123789,0
481245,0
43364,0
14330,0
267888,0
508339,0
413547,0
68570,0
558375,0
38957,0
559955,0
27848,0
539301,0
420078,0
330903,0
277069,0
789658,0
357852,0
224131,0
500861,0
489556,0
397339,0
311061,0
250897,0
225997,0
280528,0
159947,0
426490,0
551402,0
286317,0
53832,0
299032,0
409865,0
563573,0
503139,0
819479,0
171096,0
230458,0
72185,0
424081,0
335912,0
599291,0
758204,0
587938,0
327658,0
250395,0
290248,0
167445,0
297696,0
747549,0
88741,0
590927,0
603940,0
172858,0
421964,0
25735,0
375621,0
632778,0
615473,0
461019,0
15562,0
441356,0
724643,0
300489,0
771209,0
462244,0
405085,0
293523,0
272685,0
640908,0
422770,0
609792,0
260416,0
28815,0
25178,0
163988,0
285465,0
376297,0
462400,0
192744,0
221012,0
237206,0
321974,0
496323,0
688967,0
601830,0
300821,0
500763,0
725032,0
792168,0
707690,0
556995,0
441792,0
150068,0
219489,0
396816,0
538716,0
280982,0
287594,0
620533,0
757773,0
249631,0
249122,0
372030,0
301426,0
486847,0
251546,0
226559,0
580964,0
681947,0
65428,0
63876,0
351707,0
208681,0
373701,0
597233,0
515079,0
246677,0
274824,0
283002,0
756130,0
757197,0
103872,0
196623,0
450,0
576697,0
758701,0
647436,0
36714,0
486459,0
216883,0
254513,0
337167,0
314640,0
75500,0
717115,0
123479,0
822595,0
10167,0
312415,0
136655,0
64144,0
395941,0
185990,0
285607,0
424639,0
642958,0
420274,0
620887,0
668808,0
768293,0
585299,0
706025,0
781923,0
597425,0
599659,0
192241,0
35166,0
174800,0
33949,0
342901,0
540532,0
501989,0
46697,0
789508,0
715000,0
697633,0
783439,0
148614,0
613236,0
494178,0
455163,0
793434,0
139457,0
148804,0
143384,0
220624,0
270673,0
238129,0
472541,0
678270,0
781019,0
244426,0
389026,0
456693,0
703451,0
326227,0
7315,0
618130,0
420820,0
28610,0
106394,0
337157,0
568312,0
565748,0
94942,0
521693,0
186308,0
47597,0
511272,0
383845,0
609591,0
208179,0
482735,0
644018,0
234582,0
33541,0
465192,0
498055,0
555515,0
267742,0
443078,0
40836,0
685601,0
15862,0
397182,0
402900,0
385023,0
602505,0
483356,0
501052,0
56685,0
627198,0
52674,0
301400,0
210431,0
249054,0
26846,0
425773,0
332020,0
570243,0
15430,0
158054,0
270614,0
350819,0
50687,0
351119,0
639908,0
383168,0
778910,0
179584,0
456907,0
237206,0
329970,0
740700,0
156542,0
550727,0
465675,0
809843,0
533632,0
246546,0
479039,0
33492,0
695158,0
62751,0
138039,0
57880,0
204837,0
637368,0
373463,0
77566,0
185842,0
305855,0
569832,0
596660,0
597476,0
473571,0
196996,0
620938,0
75698,0
232242,0
25843,0
677871,0
24521,0
272660,0
610066,0
121334,0
287752,0
529989,0
44537,0
735641,0
532378,0
279675,0
813152,0
300641,0
611809,0
351207,0
773700,0
373411,0
281170,0
148686,0
460871,0
281958,0
288459,0
236210,0
203257,0
389352,0
291679,0
509685,0
387577,0
181162,0
503347,0
382807,0
682479,0
124304,0
767122,0
290671,0
490659,0
337773,0
116616,0
239673,0
275907,0
263217,0
659425,0
799312,0
632778,0
636897,3
287148,0
818106,0
28940,0
815249,0
25323,0
401293,0
289516,0
573664,0
188863,0
129837,0
272121,0
300725,0
330843,0
372702,0
682722,0
703915,0
223456,0
93215,0
688452,0
160998,0
559962,0
529426,0
531997,0
734726,0
409164,0
18150,0
353224,0
535319,0
141928,0
342901,0
623439,0
29176,0
99019,0
632863,0
275330,0
795012,0
602191,0
282983,0
131960,0
54436,0
650557,0
309240,0
776030,0
277481,0
419331,0
413550,0
26342,0
532311,0
122920,0
648860,0
150143,0
332618,0
386281,0
196469,0
135226,0
760098,0
223784,0
520249,0
136563,0
20081,0
805762,0
338414,0
220083,0
159678,0
598165,0
601830,0
299639,0
22126,0
563754,0
664962,0
513477,0
367883,0
262849,0
703840,0
484499,0
248450,0
514551,0
768978,0
154001,0
37893,0
279702,0
185812,0
59397,0
150802,0
688863,0
282026,0
154488,0
628265,0
645240,0
285737,0
785985,0
25051,0
327658,0
619860,0
513035,0
465560,0
33089,0
43110,0
616720,0
527793,0
27450,0
542799,0
466544,0
86249,0
815232,0
735352,0
264962,0
34505,0
14592,0
90515,0
125738,0
690991,0
694008,0
393782,0
777840,0
573496,0
763905,0
359713,0
136291,0
468835,0
149290,0
192602,0
64434,0
41405,0
308216,0
26348,0
220705,0
342543,0
748788,0
280176,0
600392,0
557347,0
74751,0
590999,0
283778,0
439771,0
440044,0
602029,0
19905,0
88201,0
575866,0
224690,0
387038,0
238650,0
242052,0
393765,0
244189,0
162827,0
40525,0
185940,0
65398,0
129890,0
501691,0
582985,0
349478,0
509391,0
158826,0
420553,0
235400,0
222971,0
268144,0
662632,0
351128,0
250759,0
15450,0
296902,0
200284,0
190640,0
346210,0
337149,0
639437,0
694201,0
238605,0
666530,0
416873,0
229474,0
55763,0
710300,0
406395,0
239877,0
255683,0
37128,0
734782,0
565836,0
718941,0
340651,0
28422,0
109816,0
307272,0
773743,0
725671,0
36960,0
580131,0
347747,0
727669,0
69099,0
79225,0
1356,0
701983,0
188828,0
518086,0
467379,0
706104,0
211112,0
250765,0
2027,0
541924,0
374100,0
575531,0
666410,0
521148,0
627059,0
236789,0
738663,0
175508,0
580676,0
274665,0
234664,0
15316,0
613395,0
497885,0
265380,0
45984,0
210714,0
622103,0
516208,0
246582,0
322865,0
294759,0
197926,0
173464,0
540204,0
739757,0
61769,0
615226,0
501704,0
14391,0
291956,0
97822,0
731984,0
13841,0
62722,0
601535,0
473673,0
46067,0
211545,0
65618,0
148146,0
77126,0
393765,0
284078,0
376281,0
421962,0
214393,0
659978,0
758551,0
38375,0
292250,0
283197,0
164795,0
27044,0
308427,0
534412,0
574494,0
508143,0
29255,0
563945,0
431708,0
463548,0
360755,0
220091,0
636902,0
443784,0
394191,0
141840,0
475476,0
653939,0
213363,0
420625,0
568752,0
205255,0
31910,0
106927,0
111440,0
716669,0
815983,0
340738,0
440698,0
406997,0
207626,0
804376,0
603826,0
670727,0
710962,0
460269,0
594784,0
23951,0
283077,0
597098,0
310433,0
339777,0
239965,0
705010,0
11486,0
179192,0
648863,0
651359,0
813097,0
774026,0
53595,0
27428,0
721652,0
475877,0
80230,0
257240,0
624626,0
7069,0
763964,0
63694,0
688737,0
603826,0
515294,0
81232,0
553081,0
757828,0
11857,0
10172,0
15756,0
309474,0
30491,0
759941,0
816178,0
335830,0
573742,0
516244,0
372029,0
511275,0
581883,0
760500,0
580521,0
714552,0
558396,0
782283,0
475979,0
204367,0
748222,0
216824,0
194915,0
228390,0
750574,0
697378,0
532594,0
708945,0
63476,0
16298,0
345834,0
144663,0
611163,0
342537,0
743807,0
262373,0
41093,0
266590,0
141992,0
160581,0
199849,0
89640,0
257668,0
254189,0
131598,0
714353,0
278919,0
707505,0
195420,0
295070,0
46557,0
43673,0
259754,0
605772,0
245380,0
771288,0
292223,0
477629,0
683739,0
795337,0
154511,0
229853,0
445166,0
632827,0
259688,0
278975,0
443355,0
230403,0
42205,0
483633,0
755756,0
673371,0
372523,0
43848,0
31199,0
786902,0
665484,0
623488,0
373037,0
160699,0
27667,0
317615,0
218508,0
461073,0
665953,0
252719,0
126786,0
576089,0
25407,0
225372,0
490904,0
299880,0
511811,0
138556,0
14321,0
95078,0
637540,0
681318,0
94278,0
684333,0
660041,0
675212,0
9650,0
365498,0
610247,0
517215,0
98594,0
562806,0
216163,0
60041,0
256771,0
692418,0
198162,0
271107,0
413889,0
754107,0
149328,0
89841,0
495841,0
322565,0
585539,0
345122,0
228651,0
463068,0
495559,0
20473,0
286635,0
802321,0
305371,0
692427,0
298816,0
531645,0
665291,0
46457,0
702074,0
512792,0
312392,0
344136,0
311865,0
152528,0
457879,0
265249,0
781849,0
755973,0
274218,0
798117,0
135012,0
534612,0
24441,0
237975,0
285187,0
211489,0
430805,0
119880,0
283305,0
239919,0
534764,0
287067,0
59803,0
93019,0
681151,0
662567,0
208424,0
253796,0
283197,0
480350,0
494862,0
404965,0
536574,0
209913,0
745845,0
29250,0
817537,0
607057,0
613205,0
43081,0
563663,0
258482,0
166696,0
656041,0
81735,0
318996,0
155097,0
345513,0
57363,0
726646,0
346208,0
395797,0
619110,0
291359,0
255683,0
226927,0
29744,0
747102,0
715497,0
718902,0
562622,0
540802,0
630647,0
713033,0
22723,0
805242,0
590900,0
167910,0
651082,0
692409,0
138052,0
19893,0
611966,0
153026,0
284329,0
19604,0
106274,0
127775,0
686089,0
802321,0
175817,0
218869,0
179245,0
533742,0
70133,0
594430,0
103148,0
112652,0
368613,0
155134,0
471174,0
604089,0
116050,0
26210,0
666692,0
118253,0
32701,0
823064,0
262089,0
671457,0
23599,0
409338,0
91266,0
156663,0
561763,0
743132,0
620988,0
45957,0
229064,0
807251,0
813167,0
185630,0
534680,0
773765,0
414918,0
650836,0
472408,0
456702,0
405750,0
151297,0
69294,0
581069,0
665297,0
221256,0
256904,0
304105,0
223589,0
549473,0
685813,0
255392,0
529522,0
686089,0
269850,0
597959,0
806304,0
38873,0
459993,0
214092,0
375387,0
50798,0
19114,0
665465,0
477362,0
345404,0
656864,0
573951,0
505145,0
232116,0
154488,0
344897,0
467076,0
128139,0
341363,0
448373,500
124304,0
530245,0
538259,0
517748,0
695158,0
477076,0
659425,0
475792,0
505148,0
543005,0
264720,0
264430,0
244082,0
102413,0
244177,0
223566,0
554760,0
147291,0
535120,0
803088,0
775078,0
72043,0
509390,0
323477,0
67520,0
246583,0
122919,0
777599,0
57102,0
266849,0
473832,0
779324,0
199593,0
602481,0
807470,0
299730,0
264720,0
602410,0
356768,0
465292,0
240566,0
467076,0
754269,0
287798,0
257781,0
808040,0
28252,0
309106,0
724918,0
600381,0
356456,0
409210,0
585,0
5395,0
63,0
516287,0
369226,0
271741,0
683398,0
626340,0
210310,0
146292,0
619220,0
749864,0
112198,0
538816,0
522267,0
583352,0
389871,0
732196,0
93095,0
68737,0
470948,0
785026,0
697292,0
800656,0
238650,0
234073,0
283353,0
614711,0
176847,0
107873,0
405899,0
47388,0
246144,0
443003,0
601523,0
227138,0
57315,0
134790,0
341152,0
597335,0
762241,0
638138,0
816732,0
47590,0
43305,0
203366,0
407866,0
343322,0
33907,0
172858,0
662316,0
517480,0
64463,0
411450,0
311061,0
416628,0
776959,0
295785,0
15590,0
489422,0
307443,0
765830,0
561867,0
38768,0
402946,0
601433,0
592093,0
121347,0
478734,0
53753,0
64552,0
693934,0
300910,0
280401,0
378580,0
41517,0
324747,0
609846,0
283341,0
702269,0
204294,0
315574,0
765935,0
460926,0
162629,0
553001,0
759814,0
737179,0
558289,0
331533,0
93089,0
38722,0
52355,0
609161,0
136291,0
43305,0
13664,0
190923,0
327605,0
14580,0
6839,0
226854,0
413215,0
537392,0
290204,0
234928,0
366840,0
55800,0
156902,0
39801,0
508143,0
663092,0
199854,0
281944,0
420937,0
150501,0
662464,0
364318,0
155541,0
485716,0
26752,0
531919,0
176473,0
335541,0
746685,0
8761,0
299930,0
735440,0
351426,0
150242,0
603776,0
611707,0
688795,0
563689,0
620988,0
143091,0
597033,0
570903,0
443433,0
714174,0
368964,0
43089,0
682795,0
642654,0
28253,0
817542,0
483106,0
440148,0
810542,0
578527,0
580757,0
668390,0
785419,0
247408,0
100970,0
489574,0
229040,0
575327,0
530717,0
277069,0
519688,0
611929,0
85606,0
637374,0
257615,0
14549,0
27384,0
802838,0
181942,0
200695,0
702413,0
214908,0
326227,0
394181,0
40468,0
369461,0
536498,0
469688,0
711509,0
286475,0
385499,0
759531,0
288450,0
188215,0
530067,0
803636,0
188215,0
628277,0
581460,0
216601,0
705593,0
220772,0
258463,0
135638,0
105003,0
281472,0
715113,0
166277,0
36469,0
582102,0
513706,0
93013,0
16711,0
493686,0
597464,0
369221,0
236556,0
768418,0
596806,0
158342,0
789426,0
113780,0
45508,0
295123,0
217222,0
422276,0
138186,0
335915,0
64378,0
279573,0
145221,0
363581,0
106282,0
509775,0
500966,0
378613,0
582067,0
225374,0
14302,0
359463,0
70808,0
381182,0
714373,0
630453,0
600586,0
159226,0
601945,0
573739,0
511381,0
181378,0
258463,0
58666,0
301027,0
47597,0
278992,0
823329,0
26414,0
763854,0
338629,0
367892,0
725858,0
462166,0
271147,0
565125,0
586353,0
632888,0
89152,0
767858,0
289266,0
791245,0
603735,0
128983,0
215773,0
310269,0
120908,0
417769,0
272680,0
288245,0
149611,0
282026,0
730449,0
674068,0
478359,0
814897,0
610729,0
211700,0
369470,0
310772,0
164453,0
15426,0
291752,0
280752,0
233023,0
610555,0
562561,0
804859,0
651127,0
702774,0
573496,0
503590,0
475840,0
521308,0
653775,0
804501,0
794627,0
303611,0
461562,0
345062,0
141894,0
371292,0
158543,0
203711,0
262798,0
679314,0
137257,0
69622,0
379463,0
239740,0
624501,0
233801,0
651916,0
619765,0
784667,0
600391,0
28977,0
790920,0
143776,0
545913,0
437125,0
726646,0
432729,0
665339,0
680588,0
513353,0
228651,0
74893,0
569662,0
376872,0
661537,0
379427,0
500530,0
280531,0
665471,0
356623,0
257984,0
8605,0
600035,0
468736,0
521763,0
425558,0
710198,0
391906,0
205356,0
13924,0
24261,0
34757,0
710716,0
338607,0
138556,0
64434,0
6957,0
11449,0
406670,0
238205,0
528503,0
14231,0
151155,0
553590,0
488355,0
53279,0
29458,0
468713,0
313944,0
55270,0
92506,0
673371,0
225440,0
39787,0
556446,0
568713,0
283032,0
57714,0
95130,0
550709,0
1543,0
175508,0
64190,0
279673,0
627129,0
476556,0
757779,0
662161,0
397885,0
735440,0
143092,0
6839,0
812732,0
475494,0
526980,0
558491,0
262440,0
227290,0
376297,0
645030,0
577261,0
105076,0
417769,0
287075,0
143872,0
407484,0
304405,0
296957,0
553001,0
140375,0
787727,0
278832,0
530514,0
645658,0
669655,0
8476,0
800245,0
63249,0
326937,0
585522,0
178219,0
765236,0
648389,0
708583,0
180743,0
391819,0
230751,0
112261,0
751159,0
672736,0
123619,0
639537,0
271471,0
601945,0
500856,0
46231,0
653639,0
34127,0
5976,0
453765,0
700450,0
663237,0
429986,0
16694,0
323827,0
274648,0
272680,0
556140,0
129796,0
115988,0
484716,0
587868,0
38588,0
175656,0
323429,0
316619,0
24135,0
571646,0
674437,0
287051,0
129364,0
14980,0
346279,0
683115,0
775974,0
613697,0
173432,0
528599,0
719131,0
386795,0
632110,0
611612,0
629720,0
618328,0
228440,0
25133,0
292290,0
807753,0
466877,0
234914,0
757194,0
262830,0
299899,0
24807,0
65696,0
313577,0
16734,0
75107,0
765678,0
568493,0
250234,0
105408,0
319640,0
0,0
797662,0
567051,0
533388,0
648389,0
650697,0
600648,0
14320,0
646435,0
154721,0
138026,0
282237,0
469607,0
818155,0
40313,0
388277,0
515408,0
241672,0
268054,0
477231,0
646761,0
245092,0
501959,0
38723,0
179413,0
585454,0
388467,0
611960,0
174657,0
331475,0
193006,0
386707,0
588986,0
24811,0
540479,0
504374,0
14578,0
763509,0
463600,0
98680,0
202553,0
753247,0
186254,0
171849,0
382807,0
543697,0
312635,0
20796,0
88523,0
485654,0
790581,0
576258,0
310930,0
149770,0
59667,0
580676,0
205428,0
280438,0
56540,0
135640,0
138469,0
240938,0
278032,0
70621,0
431431,0
635170,0
525943,0
566002,0
708323,0
605134,0
525626,0
328151,0
307974,0
332618,0
672005,0
461028,0
62754,0
254710,0
291340,0
621263,0
608835,0
646216,0
799246,0
474494,0
375651,0
404571,0
225610,0
506581,0
680677,0
803358,0
322542,0
310448,0
391562,0
66636,0
276801,0
357544,0
262524,0
56247,0
414896,0
26379,0
56715,0
645968,0
146318,0
751218,0
560372,0
748638,0
238761,0
29046,0
439529,0
28023,0
575413,0
517848,0
215919,0
369461,0
542446,0
714369,0
288454,0
382324,0
265739,0
540308,0
43305,0
291797,0
68737,0
30962,0
293864,0
640908,0
662316,0
8670,0
370554,0
548298,0
59773,0
303281,0
713194,0
389998,0
65619,0
451998,0
148254,0
138515,0
386453,0
111347,0
47334,0
612251,0
571789,0
804150,0
15755,0
778467,0
739931,0
65428,0
392422,0
170018,0
241191,0
80847,0
575356,0
133624,0
607954,0
661422,0
342587,0
307847,0
264846,0
430097,0
420095,0
377013,0
633510,0
245319,0
295046,0
310374,0
302123,0
226131,0
286010,0
166506,0
611773,0
367177,0
569755,0
506581,0
533246,0
615062,0
60046,0
109210,0
304110,0
7133,0
579650,0
114949,0
467049,0
316262,0
200895,0
300080,0
287960,0
309494,0
345588,0
501807,0
732399,0
368977,0
40029,0
473726,0
588222,0
24441,0
126095,0
670951,0
602256,0
776252,0
806525,0
571520,0
151698,0
609810,0
455287,0
148686,0
612611,0
282042,0
212459,0
602374,0
85223,0
500309,0
635585,0
16743,0
526506,0
34555,0
248385,0
335846,0
482473,0
64782,0
395418,0
294868,0
686408,0
527354,0
215741,0
799784,0
677363,0
536523,0
29482,0
249472,0
799234,0
535776,0
517480,0
409333,0
357434,0
226246,0
428521,0
810380,0
186933,0
796774,0
226687,0
751145,0
56996,0
338991,0
816250,0
143011,0
8759,0
208340,0
289460,0
205293,0
556971,0
812008,0
285334,0
103612,0
138168,0
662522,0
360236,0
204336,0
542511,0
445461,0
23951,0
307594,0
47592,0
609792,0
27630,0
174382,0
208829,0
470734,0
508143,0
64495,0
196569,0
328154,0
511379,0
522636,0
104838,0
217171,0
671611,0
378995,0
133241,0
250759,0
386910,0
279635,0
12758,0
25685,0
250871,0
820294,0
692284,0
53747,0
154651,0
756277,0
143438,0
475992,0
21648,0
409164,0
165392,0
599504,0
53753,0
321191,0
297928,0
9844,0
534764,0
737179,0
752497,0
735639,0
598190,0
151102,0
343217,0
768882,0
465578,0
662047,0
586392,0
340648,0
288833,0
585297,0
38721,0
93181,0
287832,0
53053,0
386910,0
22385,0
800541,0
53172,0
312177,0
419161,0
517480,0
735578,0
744144,0
176242,0
632983,0
658023,0
694101,0
514078,0
578298,0
345564,0
42204,0
239681,0
347107,0
711654,0
424018,0
769640,0
299181,0
176456,0
294758,0
279981,0
103843,0
600448,0
261285,0
249417,0
47639,0
62337,0
503061,0
642828,0
769587,0
462727,0
123416,0
45133,0
350409,0
284966,0
13393,0
802052,0
47240,0
250395,0
651020,0
41943,0
295707,0
239126,0
602012,0
33272,0
504374,0
415927,0
648911,0
396810,0
262877,0
240728,0
500837,0
716817,0
667442,0
360241,0
545985,0
406734,0
338588,0
564601,0
174180,0
610719,0
693114,0
386484,0
474768,0
233908,0
536933,0
45957,0
128679,0
29535,0
229185,0
427581,0
226559,0
26453,0
104584,0
621397,0
458759,0
120255,0
270470,0
519966,0
262877,0
570866,0
295537,0
513176,0
60611,0
480199,0
117302,0
814030,0
28786,0
256249,0
415991,0
568321,0
323827,0
726495,0
681318,0
296933,0
790722,0
554317,0
602067,0
757774,0
179583,0
7982,0
506193,0
567667,0
275719,0
160585,0
496974,0
695849,0
137513,0
15270,0
512814,0
64169,0
104645,0
699228,0
149770,0
109079,0
356383,0
223706,0
226930,0
813097,0
2005,0
78738,0
560292,0
80473,0
713125,0
602675,0
633250,0
727695,0
154124,0
598190,0
686089,0
754227,0
378761,0
284122,0
66636,0
793205,0
175116,0
723108,0
28503,0
770918,0
275801,0
670951,0
62991,0
468717,0
269290,0
266901,0
320355,0
345231,0
417438,0
229430,0
757295,0
159679,0
78305,0
517567,0
549338,0
185110,0
818145,0
18599,0
779625,0
286010,0
99103,0
51445,0
45133,0
179927,0
20630,0
282395,0
462214,0
609331,0
667189,0
9683,0
822102,0
514650,0
86068,0
216616,0
90441,0
808649,0
146603,0
728459,0
514617,0
223123,0
75113,0
746053,0
307618,0
811753,0
206449,0
234155,0
536763,0
322088,0
287318,0
300655,0
220052,0
662590,0
63879,0
786902,0
533289,0
813587,0
281979,0
465715,0
795563,0
300080,0
8506,0
65942,0
297563,0
262302,0
105985,0
185797,0
453232,0
559011,0
786795,0
1036,0
424018,0
433281,0
226851,0
265424,0
554873,0
573104,0
420785,0
800001,0
287708,0
25936,0
152442,0
291669,0
308432,0
423728,0
75103,0
224632,0
50781,0
157323,0
257639,0
178620,0
323769,0
747108,0
197970,0
97779,0
233366,0
296868,0
681692,0
537529,0
642319,0
513253,0
327107,0
768052,0
257228,0
469045,0
297586,0
528723,0
405763,0
46458,0
290937,0
484884,0
204047,0
226792,0
44391,0
217876,0
257227,0
241771,0
426490,0
310248,0
26867,0
202644,0
627746,0
491573,0
779121,0
695158,0
279598,0
778015,0
103187,0
653785,0
309206,0
473977,0
238974,0
305855,0
204991,0
618761,0
176774,0
204453,0
262815,0
15683,0
490624,0
735109,0
619764,0
238427,0
582309,0
269897,0
138173,0
616122,0
153075,0
551402,0
138736,0
10598,0
816896,0
499778,0
60420,0
163245,0
601584,0
633575,0
581920,0
94939,0
777285,0
675677,0
750777,0
34757,0
475792,0
1833,0
471943,0
729269,0
694855,0
66555,0
453419,0
600124,0
461569,0
559500,2
166237,0
128997,0
245079,0
664804,0
20903,0
106983,0
286998,0
602964,0
349261,0
211739,0
296703,0
28512,0
282281,0
689033,0
486108,0
386501,0
616346,0
29772,0
461031,0
139457,0
15373,0
734682,0
762480,0
289514,0
191294,0
69889,0
539879,0
484175,0
227244,0
699471,0
57714,0
111868,0
291030,0
156810,0
781385,0
715719,0
246942,0
102367,0
274211,0
23997,0
513397,0
110361,0
239879,0
60341,0
463170,0
351500,0
552044,0
280165,0
447135,0
691095,0
431153,0
333413,0
818161,0
521630,0
513770,0
756551,0
358049,0
457740,0
246671,0
10684,0
527947,0
142145,0
298495,0
461564,0
680455,0
794663,0
524883,0
216081,0
550584,0
600433,0
25326,0
618793,0
136111,0
725530,0
113008,0
124881,0
407576,0
296856,0
92,0
164583,0
653832,0
304004,0
395497,0
606479,0
756181,0
301426,0
745352,0
23181,0
182814,0
382802,0
313546,0
760259,0
559297,0
174291,0
47201,0
206588,0
236672,0
226849,0
5404,0
521414,0
781019,0
790603,0
590021,0
462641,0
711626,0
516474,0
515761,0
150516,0
175508,0
620830,0
714552,0
495841,0
372631,0
282841,0
224425,0
599473,0
347112,0
245111,0
433265,0
216426,0
230740,0
559156,0
229853,0
793115,0
688803,0
256234,0
25641,0
292355,0
662932,0
580920,0
25267,0
674246,0
295592,0
292043,0
743319,0
284497,0
269851,0
610859,0
143831,0
110009,0
264764,0
445183,0
393179,0
123105,0
762587,0
401039,0
124655,0
423558,0
226440,0
663521,0
20027,0
767185,0
403756,0
658829,0
560651,0
307773,0
673950,0
632757,0
644025,0
422111,0
311458,0
796038,0
98257,0
812035,0
601587,0
480973,0
201010,0
217092,0
280629,0
589045,0
788125,0
157433,0
381814,0
700462,0
755020,0
289191,0
761648,0
337123,0
793204,0
20081,0
448416,0
282237,0
281614,0
138469,0
97822,0
757766,0
235975,0
375613,0
721901,0
417836,0
500552,0
185849,0
246515,0
404398,0
204276,0
15590,0
665093,0
175288,0
252808,0
15964,0
289619,0
480214,0
603735,0
8423,0
42842,0
592776,0
730657,0
803821,0
26252,0
569025,0
495430,0
539725,0
50686,0
371487,0
440979,0
13411,0
681552,0
711626,0
245750,0
202996,0
762865,0
663989,0
105801,0
643356,0
150863,0
461028,0
53200,0
114557,0
233168,0
179296,0
467600,0
303387,0
157404,0
533909,0
407996,0
28359,0
732018,0
171597,0
611663,0
509441,0
750146,0
405566,0
563754,0
136563,0
420152,0
615314,0
774619,0
613587,0
678070,0
126060,0
648542,0
778981,0
200287,0
307387,0
653217,0
14329,0
385333,0
564601,0
107850,0
67219,0
551104,0
642781,0
351106,0
473726,0
161949,0
538761,0
567667,0
774717,0
242080,0
190889,0
569195,0
773380,0
425081,0
508635,0
332466,0
112016,0
210460,0
391348,0
81625,0
53200,0
283913,0
266590,0
331316,0
397358,0
639791,0
176456,0
469094,0
283031,0
311536,0
480272,0
254896,0
279820,0
553969,0
220921,0
23060,0
52956,0
375370,0
295416,0
575904,0
207801,0
762088,0
233466,0
244370,0
410094,0
509794,0
279707,0
493076,0
321603,0
368213,0
126133,0
611365,0
713761,0
139739,0
43066,0
53749,0
709802,0
576851,0
482692,0
474768,0
568752,0
509780,0
146291,0
685454,0
282914,0
601813,0
540898,0
579605,0
172073,0
611206,0
106297,0
211946,0
472687,0
734596,0
283507,0
279403,0
49913,0
431568,0
142807,0
208156,0
331328,0
301505,0
782024,0
113280,0
545971,0
505751,0
291227,0
269891,0
535837,0
508703,0
2277,0
91292,0
461040,0
411104,0
60519,0
656243,0
345432,0
399641,0
508116,0
560332,0
760039,0
808027,0
26355,0
816250,0
303611,0
15555,0
1112,0
12495,0
78342,0
207626,0
176621,0
579605,0
569433,0
595795,0
249452,0
119824,0
212480,0
131251,0
195056,0
803135,0
580521,0
131443,0
468420,0
14309,0
650976,0
643400,0
436212,0
625398,0
22451,0
42825,0
154361,0
93215,0
123099,0
585602,0
272703,0
223779,0
570600,0
714201,0
347112,0
481245,0
771318,0
78825,0
598764,0
275315,0
199578,0
165481,0
564322,0
92902,0
255594,0
471399,0
354896,0
601814,0
262524,0
627285,0
60519,0
471205,0
295013,0
584468,0
531118,0
702132,0
409865,0
611003,0
10697,0
32308,0
623023,0
400592,0
204442,0
276696,0
152863,0
145969,0
560096,0
203027,0
757311,0
14330,0
183013,0
597351,0
147457,0
104584,0
421965,0
312984,0
814905,0
420049,0
70808,0
524255,0
563573,0
642659,0
77475,0
323910,0
250765,0
569025,0
589791,0
321872,0
541575,0
220006,0
763536,0
600322,0
315020,0
238662,0
821148,0
149772,0
53060,0
774158,0
480973,0
256249,0
809851,0
667997,0
245146,0
438400,0
44464,0
121392,0
750308,0
142186,0
276801,0
14369,0
296992,0
574113,0
198516,0
64169,0
604801,0
287566,0
203256,0
285184,0
384879,0
463162,0
53747,0
109012,0
703102,0
14371,0
170819,0
457471,0
599853,0
130677,0
476209,0
148554,0
728883,0
771318,0
536083,0
152362,0
224916,0
413221,0
659648,0
684335,0
452646,0
78736,0
644085,0
521698,0
174662,0
265372,0
343549,0
54461,0
610288,0
329878,0
579812,0
349112,0
783211,0
599979,0
553151,0
164708,0
226905,0
569731,0
220182,0
302041,0
519829,0
304147,0
270011,0
462392,0
265786,0
777961,0
39787,0
36198,0
540651,0
1280,0
230859,0
395380,0
469555,0
592093,0
699228,0
199743,0
202799,0
759603,0
59623,0
421961,0
146588,0
44537,0
249243,0
41167,0
349203,0
519413,0
799399,0
373262,0
44921,0
489533,0
253773,0
226663,0
20020,0
192602,0
5976,0
382807,0
757441,0
142115,0
783439,0
24441,0
22906,0
762510,0
505410,0
280275,0
249439,0
156069,0
752256,0
804889,0
155379,0
536279,0
248896,0
59374,0
76788,0
485735,0
107873,0
388185,0
451199,0
569911,0
566282,0
312504,0
217177,0
270088,0
479746,0
404997,0
598158,0
35930,0
28665,0
43200,0
451653,0
383862,0
204289,0
23385,0
527029,0
537210,0
370146,0
191769,0
704749,0
144646,0
623979,0
280146,0
716926,0
520987,0
591030,0
651506,0
40248,0
585535,0
94285,0
171757,0
508115,0
804501,0
157013,0
601945,0
226013,0
599583,0
302144,0
420159,0
174801,0
308132,0
596444,0
559847,0
292257,0
312984,0
22390,0
27683,0
477587,0
417678,0
417762,0
301586,0
16168,0
350410,0
816192,0
290095,0
222209,0
185925,0
598190,0
511256,0
25098,0
90302,0
282890,0
47593,0
211473,0
93013,0
281448,0
395941,0
224754,0
685454,0
6902,0
603820,0
631241,0
805475,0
603047,0
510064,0
759417,0
551717,0
633584,0
620613,0
250430,0
47310,0
216289,0
701649,0
786709,0
687611,0
5312,0
279922,0
66683,0
674019,0
253339,0
291928,0
516244,0
433336,0
176393,0
128135,0
160733,0
305774,0
13331,0
84299,0
804889,0
64512,0
737314,0
92906,0
264677,0
759417,0
722456,0
353310,0
705931,0
282977,0
671572,0
678501,0
39780,0
236680,0
94255,0
413161,0
600433,0
279463,0
78775,0
192588,0
278865,0
491003,0
217877,0
798792,0
22906,0
575230,0
751036,0
157156,0
535176,0
157785,0
249472,0
374738,0
235873,0
242075,0
170685,0
447827,0
351423,0
627847,0
601112,0
111988,0
284078,0
502881,0
289398,0
583303,0
316435,0
284966,0
128997,0
292055,0
51894,0
420743,0
64207,0
681034,0
13619,0
6589,0
373072,0
633232,0
363022,0
266908,0
759424,0
734341,0
615480,0
810196,0
277276,0
748233,0
70802,0
209117,0
193042,0
333098,0
734412,0
24504,0
610705,0
481245,0
467695,0
42341,0
547600,0
227182,0
145969,0
672972,0
53561,0
554164,0
579609,0
87560,0
271590,0
420625,0
154812,0
261915,0
12607,0
45218,0
405019,0
111459,0
9481,0
299516,0
29319,0
24055,0
648766,0
53183,0
47311,0
294754,0
505455,0
148771,0
343549,0
651507,0
501402,0
333129,0
32302,0
32950,0
26014,0
467463,0
588902,0
40023,0
267845,0
598659,0
148582,0
514440,0
81232,0
813166,0
47418,0
528170,0
749637,0
57714,0
534508,0
726646,0
22455,0
30079,0
726351,0
585539,0
521272,0
570414,0
161082,0
628980,0
205356,0
240124,0
592093,0
681230,0
613206,0
546964,0
248780,0
528810,0
555552,0
489387,0
234880,0
263412,0
139188,0
372927,0
296948,0
137817,0
738734,0
259453,0
275860,0
531093,0
720183,0
462684,0
14327,0
453419,0
714540,0
695571,0
795296,0
511911,0
503121,0
370167,0
496070,0
421963,0
288730,0
385526,0
604715,0
313180,0
644631,0
570867,0
255526,0
709548,0
263687,0
293622,0
131969,0
64181,0
248952,0
293876,0
124201,0
600684,0
240247,0
177204,0
216222,0
329270,0
6909,0
340950,0
138026,0
297551,0
173769,0
150921,0
335617,0
323464,0
505822,0
489834,0
650635,0
634174,0
1138,0
515296,0
738966,0
113289,0
106244,0
821487,0
489530,0
620792,0
715069,0
597543,0
144671,0
53630,0
59803,0
77862,0
542335,0
223545,0
287939,0
64378,0
539006,0
456141,0
661297,0
589791,0
772303,0
214393,0
421962,0
766885,0
554317,0
575324,0
511275,0
368967,0
150642,0
62116,0
235087,0
118253,0
90302,0
800531,0
564601,0
628299,0
238242,0
560318,0
280055,0
295230,0
291702,0
226687,0
665021,0
466821,0
778229,0
335510,0
105872,0
791327,0
340651,0
480973,0
707901,0
289719,0
179500,0
335910,0
400773,0
158479,0
420564,0
624432,0
727695,0
196929,0
302144,0
205410,0
354680,0
301400,0
709510,0
549514,0
343267,0
620815,0
610227,0
673446,0
14580,0
149618,0
14905,0
27412,0
228346,0
739931,0
34757,0
178917,0
54099,0
688863,0
345918,0
675993,0
157345,0
60341,0
272465,0
174291,0
543440,0
129349,0
539435,0
5278,0
161800,0
132684,0
131510,0
141505,0
514720,0
632755,0
64174,0
228476,0
582256,0
285639,0
815644,0
509775,0
266901,0
149958,0
289567,0
178957,0
250581,0
632572,0
66510,0
404997,0
430805,0
750876,0
84929,0
487835,0
23778,0
373037,0
511879,0
341482,0
109829,0
194915,0
113176,0
123782,0
308324,0
51317,0
432951,0
569882,0
59794,0
710826,0
484445,0
782395,0
384191,0
54944,0
150174,0
435899,0
98008,0
696951,0
791247,0
112768,0
357894,0
217058,0
656735,0
599591,0
738260,0
377443,0
1224,0
617497,0
235684,0
321893,0
470948,0
195247,0
519747,0
6968,0
22455,0
371969,0
226414,0
540823,0
437093,0
135645,0
557862,0
769560,0
321338,0
277526,0
774717,0
620827,0
146667,0
584987,0
599979,0
288788,0
313025,0
285172,0
29398,0
294799,0
757194,0
68118,0
703994,0
555767,0
27755,0
28828,0
81735,0
146603,0
36198,0
86789,0
323886,0
239673,0
501703,0
805834,0
170819,0
491917,0
715037,0
40248,0
2004,0
590999,0
610672,0
759481,0
542714,0
573679,0
333532,0
428130,0
150859,0
762519,0
59669,0
767061,0
371292,0
673082,0
692717,0
790939,0
680480,0
279019,0
320241,0
555842,0
603118,0
63206,0
265380,0
507337,0
43642,0
155721,0
384165,0
198434,0
667675,0
667641,0
7106,0
500031,0
389249,0
470183,0
154491,0
555336,0
818083,0
648863,0
279598,0
158543,0
702585,0
263238,0
151063,0
295041,0
707690,0
581662,0
240730,0
28491,0
348099,0
491293,0
54098,0
206616,0
599225,0
536493,0
647420,0
69802,0
813022,0
35970,0
123609,1964
236680,0
395388,0
14979,0
116947,0
511272,0
597519,0
356091,0
307550,0
222538,0
31407,0
748094,0
783787,0
287223,0
289148,0
375397,0
610753,0
627509,0
25971,0
307070,0
13919,0
815186,0
556971,0
482113,0
98397,0
223469,0
29319,0
653183,0
278645,0
219488,0
517497,0
196895,0
258315,0
453635,0
143812,0
675941,0
409785,0
545565,0
234871,0
263217,0
500539,0
289807,0
291752,0
46625,0
641414,0
286324,0
41136,0
304405,0
600392,0
321903,0
199800,0
28425,0
775996,0
458578,0
240644,0
614814,0
816211,0
549564,0
269267,0
691205,0
234342,0
22419,0
457401,0
200189,0
581079,0
496675,0
767896,0
261440,0
272680,0
203312,0
63206,0
364290,0
42842,0
441073,0
476476,0
715453,0
747117,0
46619,0
399933,0
475640,0
295597,0
660940,0
17131,0
632807,0
64418,0
727018,0
314435,0
717822,0
257997,0
304239,0
571600,0
88446,0
174682,0
321191,0
509686,0
26319,0
111872,0
47389,0
816512,0
457401,0
610646,0
681216,0
443075,0
379741,0
732480,0
683558,0
128084,0
663237,0
249009,0
340376,0
644813,0
107008,0
572262,0
535814,0
151162,0
64628,0
30216,0
619638,0
600392,0
174801,0
459869,0
105865,0
36663,0
517142,0
480973,0
323348,0
654064,0
174614,0
138140,0
884,0
314962,0
550685,0
540002,0
369893,0
135138,0
804766,0
694058,0
283875,0
551529,0
265372,0
552550,0
6945,0
500856,0
47036,0
296945,0
686055,0
483913,0
648927,0
227292,0
95340,0
769747,0
564496,0
462652,0
463023,0
339485,0
517402,0
601534,0
376824,0
572855,0
128111,0
597112,0
239494,0
779324,0
290264,0
308591,0
478335,0
393782,0
737288,0
59798,0
282123,0
391799,0
80912,0
144076,0
774097,0
54791,0
352104,0
275941,0
589057,0
17388,0
117405,0
354320,0
62220,0
581079,0
532273,0
420045,0
217681,0
176450,0
323603,0
358221,0
415212,0
807577,0
443821,0
667679,0
391044,0
455287,0
586680,0
286532,0
435561,0
395259,0
65217,0
46559,0
65697,0
281529,0
321603,0
329238,0
639325,0
433010,0
641823,0
278700,0
279150,0
463653,0
639381,0
648603,0
706252,0
761602,0
57377,0
262925,0
217149,0
575531,0
639908,0
375063,0
785327,0
248564,0
820294,0
813528,0
288450,0
757779,0
162987,0
581855,0
307618,0
68572,0
405723,0
557522,0
635453,0
259066,0
15420,0
36412,0
725661,0
641098,0
767880,0
553590,0
204047,0
127411,0
652820,0
53832,0
24732,0
64190,0
246079,0
279150,0
388277,0
521730,0
822031,0
547353,0
621397,0
144485,0
489541,0
554475,0
507551,0
274369,0
673446,0
228741,0
16762,0
314721,0
29030,0
424048,0
282241,0
583091,0
509820,0
747564,0
792359,0
440144,0
484159,0
311115,0
358013,0
160831,0
192588,0
499661,0
230740,0
299387,0
455837,0
22404,0
25431,0
346342,0
409210,0
440388,0
265271,0
64170,0
26357,0
708314,0
505071,0
279851,0
614873,0
537516,0
598,0
176415,0
507157,0
34609,0
374100,0
527753,0
823358,0
599669,0
177238,0
280528,0
255677,0
633866,0
114401,0
317438,0
604354,0
297291,0
230207,0
733120,0
150501,0
192665,0
548422,0
350598,0
28021,0
192588,0
704924,0
694867,0
327279,0
411583,0
536523,0
284277,0
538236,0
425923,0
191878,0
776016,0
250871,0
761403,0
312987,0
768659,0
192891,0
556943,0
186364,0
747166,0
481809,0
83312,0
668922,0
413889,0
406415,0
138176,0
315020,0
467245,0
21631,0
718276,0
219484,0
111654,0
556530,0
680738,0
702618,0
195832,0
434990,0
1156,0
804501,0
241148,0
261440,0
598477,0
511983,0
250402,0
141886,0
391849,0
15270,0
22451,0
546441,0
275475,0
756,0
529656,0
116845,0
98257,0
296908,0
204348,0
309090,0
700848,0
83579,0
463518,0
257266,0
126959,0
823599,0
714363,0
265343,0
518086,0
755860,0
747512,0
795318,0
223396,0
112144,0
684333,0
310248,0
762480,0
65559,0
637620,0
223562,0
293790,0
310447,0
94278,0
375380,0
119748,0
158319,0
302077,0
738718,0
64571,0
480397,0
446429,0
367177,0
512225,0
323874,0
766272,0
12180,0
724914,0
105923,0
27598,0
480428,0
753955,0
560989,0
182924,0
383964,0
153897,0
233801,0
154124,0
265313,0
482038,0
229583,0
233969,0
373701,0
815268,0
515079,0
348099,0
189887,0
684352,0
663692,0
462645,0
776437,0
32915,0
88435,0
248450,0
163975,0
37637,0
81735,0
159972,0
189605,0
23366,0
78341,0
591825,0
708309,0
785330,0
78684,0
775336,0
607832,0
619582,0
119958,0
47189,0
519489,0
337167,0
265899,0
314401,0
76788,0
270237,0
299049,0
27233,0
708568,0
620654,0
231115,0
372663,0
114401,0
369461,0
463665,0
225156,0
622804,0
186271,0
651040,0
776027,0
650589,0
402958,0
25407,0
40839,0
230648,0
31500,0
382425,0
509702,0
459869,0
241960,0
747113,0
515003,0
1382,0
197988,0
598642,0
72563,0
68828,0
295719,0
368974,0
869,0
448017,0
577452,0
38725,0
218027,0
567051,0
673082,0
608786,0
62348,0
253942,0
509856,0
186934,0
460503,0
20133,0
290264,0
145265,0
132634,0
572106,0
608534,0
202999,0
769881,0
125853,0
214868,0
551104,0
16901,0
641636,0
568312,0
663619,0
328380,0
213940,0
312280,0
227650,0
303010,0
447998,0
248731,0
620764,0
738734,0
209997,0
600937,0
12687,0
307980,0
52382,0
149972,0
500301,0
539324,0
274347,0
457614,0
665034,0
441470,0
216817,0
343298,0
35009,0
346208,0
138009,0
296638,0
346409,0
425825,0
740406,0
812979,0
665172,0
161928,0
15963,0
391487,0
294880,0
536027,0
704244,0
783141,0
15791,0
534026,0
452853,0
615092,0
297039,0
529132,0
282337,0
604801,0
645968,0
503069,0
57691,0
819981,0
430749,0
156712,0
322246,0
138321,0
629292,0
633081,0
420743,0
489530,0
78918,0
42565,0
129766,0
710242,0
87591,0
291456,0
466924,0
10149,0
13139,0
495489,0
722049,0
218964,0
289490,0
484483,0
611775,0
416757,0
231129,0
21740,0
282933,0
23972,0
308768,0
732855,0
404868,0
290015,0
650635,0
492596,0
59374,0
289547,0
546401,0
501703,0
763657,0
179843,0
287223,0
192598,0
182774,0
235400,0
383169,0
136549,0
357567,0
551717,0
64395,0
391309,0
170393,0
241191,0
203296,0
159735,0
410762,0
656864,0
731006,0
245700,0
649799,0
442044,0
760553,0
68099,0
22016,0
226013,0
279403,0
18349,0
125616,0
14381,0
401881,0
234425,0
762865,0
246608,0
713846,0
43791,0
331737,0
15742,0
54414,0
132829,0
633245,0
371780,0
279028,0
411594,0
555515,0
58666,0
92091,0
284327,0
46706,0
177238,0
805762,0
273665,0
295268,0
212249,0
265319,0
530856,0
135043,0
815649,0
65525,0
701983,0
23964,0
681151,0
243391,0
462985,0
86266,0
276801,0
23370,0
61900,0
148550,0
386070,0
143071,0
204476,0
395397,0
512536,0
309890,0
358049,0
292517,0
265703,0
129267,0
471205,0
721804,0
244650,0
589124,0
493076,0
16044,0
411583,0
533238,0
411583,0
365385,0
569275,0
106187,0
793204,0
483589,0
255583,0
670146,0
485912,0
546323,0
707597,0
245245,0
467076,0
237975,0
493116,0
310447,0
24000,0
13824,0
524634,0
601858,0
701666,0
15569,0
226187,0
647741,0
602106,0
759481,0
762408,0
26319,0
587309,0
119880,0
409352,0
359463,0
358348,0
477767,0
141840,0
318947,0
500649,0
670707,0
175145,0
285462,0
331468,0
173863,0
616355,0
329764,0
583014,0
150174,0
220069,0
531093,0
427381,0
502757,0
179500,0
216744,0
106282,0
665930,0
459210,0
291038,0
39958,0
138404,0
630508,0
195243,0
61423,0
24364,0
155716,0
63904,0
282970,0
603726,0
129998,0
28253,0
757183,0
656517,0
741421,0
246621,0
856,0
142186,0
582985,0
114553,0
22061,0
285394,0
142186,0
299377,0
803488,0
67179,0
10313,0
17181,0
386773,0
118253,0
284355,0
602643,0
812979,0
110295,0
250402,0
632916,0
519859,0
426842,0
146185,0
594943,0
252712,0
415839,0
578859,0
29803,0
185791,0
287055,0
413569,0
709587,0
422480,0
714137,0
445429,0
9435,0
174759,0
554525,0
615314,0
600572,0
264080,0
22901,0
178566,0
585298,0
46777,0
46423,0
725073,0
572106,0
244794,0
528599,0
38475,0
10148,0
612184,0
72103,0
33936,0
246752,0
300223,0
503121,0
795012,0
295618,0
44054,0
497021,0
231080,0
504423,0
352603,0
303281,0
212957,0
667675,0
703865,0
765819,0
641925,0
377634,0
614972,0
463162,0
297570,0
259768,0
804467,0
667269,0
152889,0
420544,0
445920,0
239294,0
483420,0
236514,0
283787,0
27630,0
382973,0
464643,0
47201,0
346205,0
219309,0
677898,0
299156,0
304137,0
176238,0
463581,0
478504,0
535173,0
660033,0
596449,0
160881,0
52787,0
699881,0
373791,0
751480,0
15050,0
610259,0
327857,0
553310,0
490242,0
60420,0
295705,0
262170,0
463504,0
796831,0
377443,0
807577,0
117266,0
161580,0
46679,0
68110,0
535936,0
240382,0
400773,0
758079,0
298783,0
539442,0
648611,0
142964,0
355376,0
7830,0
603530,0
822324,0
124129,0
443153,0
759049,0
92057,0
564388,0
539442,0
685503,0
47192,0
494850,0
304675,0
604354,0
336704,0
265424,0
330307,0
783159,0
275254,0
606149,0
823358,0
389990,0
630086,0
43521,0
321855,0
223464,0
8744,0
192088,0
368997,0
529899,0
526010,0
625570,0
633553,0
132321,0
284195,0
508188,0
287254,0
152447,0
130773,0
338819,0
128149,0
372636,0
529445,0
41838,0
295151,0
462656,0
543138,0
286040,0
787727,0
282377,0
20337,0
509775,0
449723,0
767267,0
260078,0
466821,0
282383,0
620403,0
480001,0
535346,0
142937,0
294254,0
34149,0
550688,0
47590,0
798504,0
350853,0
1106,0
134790,0
570508,0
778863,0
165208,0
34575,0
739252,0
553310,0
78783,0
25979,0
483356,0
151246,0
639908,0
124430,0
599965,0
328275,0
620344,0
26253,0
459483,0
300411,0
296992,0
648729,0
704461,0
287312,0
163978,0
203366,0
383862,0
152934,0
225137,0
645630,0
282089,0
47197,0
291849,0
174729,0
11309,0
344491,0
103872,0
14582,0
15290,0
282384,0
43091,0
303719,0
776090,0
14421,0
528547,0
267732,0
295644,0
183909,0
286538,0
226963,0
594668,0
357083,0
581079,0
210004,0
781064,0
629288,0
654066,0
101954,0
467076,0
49823,0
575230,0
75089,0
651236,0
279769,0
34572,0
700232,0
194746,0
289322,0
804505,0
449267,0
509842,0
171807,0
360380,0
67868,0
239357,0
133610,0
442119,0
637571,0
202553,0
534470,0
312987,0
216326,0
469879,0
748788,0
710287,0
714651,0
511967,0
191878,0
44577,0
41905,0
64379,0
554764,0
48593,0
665238,0
327857,0
485079,0
22385,0
454271,0
295494,0
229899,0
280637,0
224531,0
138445,0
492999,0
342537,0
453672,0
292788,0
141769,0
468835,0
586435,0
864,0
175909,0
253965,0
132321,0
94939,0
345122,0
245319,0
200689,0
249417,0
259768,0
28667,0
291718,0
556995,0
337856,0
532981,0
24380,0
22583,0
469687,0
481650,0
667495,0
733120,0
318641,0
809196,0
154890,0
458759,0
280392,0
114406,0
44383,0
241409,0
205,0
282122,0
24766,0
21604,0
318959,0
452364,0
286050,0
23964,0
135561,0
564601,0
137257,0
35159,0
205356,0
601698,0
314826,0
20699,0
688803,0
586019,0
738733,0
40838,0
395976,0
343181,0
16695,0
238182,0
391347,0
673040,0
230265,0
232781,0
201822,0
420606,0
347,0
25448,0
176775,0
581706,0
271353,0
667479,0
283789,0
615564,0
47590,0
83171,0
13340,0
236565,0
58816,0
72446,0
62232,0
514820,0
295332,0
423728,0
778755,0
706807,0
330109,0
481766,0
633211,0
193006,0
148994,0
700068,0
25170,0
287223,0
324708,0
684335,0
695158,0
256342,0
679132,0
99054,0
43305,0
290244,0
218110,0
369498,0
138028,0
400019,0
577075,0
161949,0
598659,0
748904,0
803589,0
59548,0
282908,0
109905,0
666530,0
508268,0
112172,0
813767,0
656234,0
751041,0
234413,0
296868,0
226735,0
281047,0
20861,0
1792,0
571090,0
588902,0
780952,0
681735,0
758046,0
702585,0
249389,0
732399,0
105448,0
495041,0
367592,0
556794,0
391315,0
455699,0
76785,0
45048,0
182924,0
598146,0
514111,0
816059,0
69346,0
733646,0
534167,0
598132,0
15284,0
274696,0
801715,0
308610,0
163978,0
809177,0
158342,0
223560,0
732891,0
585464,0
27489,0
53688,0
190811,0
572197,0
694874,0
796841,0
256249,0
203228,0
7851,0
56789,0
345794,0
462098,0
179978,0
663635,0
143821,0
307189,0
305508,0
309890,0
771318,0
28848,0
44925,0
295538,0
557711,0
282973,0
16141,0
673874,0
311363,0
29458,0
731936,0
641041,0
43052,0
290794,0
191749,0
80910,0
107481,0
466909,0
641616,0
128152,0
734778,0
257676,0
467088,0
296589,0
599533,0
113407,0
291030,0
10223,0
596889,0
716669,0
632888,0
556943,0
307740,0
240758,0
450701,0
699533,0
539843,0
142144,0
609304,0
626957,0
513034,0
18408,0
279981,0
49859,0
31407,0
47227,0
559844,0
624339,0
602387,0
792359,0
557613,0
607335,0
292085,85555
812391,0
688365,0
521596,0
574824,0
117266,0
646698,0
774160,0
174574,0
181942,0
584842,0
78310,0
399779,0
522573,0
153196,0
280978,0
637952,0
600648,0
364545,0
322341,0
386879,0
746186,0
715942,0
614267,0
152528,0
275719,0
509547,0
243532,0
106348,0
34539,0
175615,0
493633,0
230683,0
47639,0
14297,0
620181,0
64161,0
104838,0
426096,0
112167,0
529619,0
277110,0
7978,0
30736,0
762539,0
127716,0
250402,0
471047,0
699988,0
599412,0
92649,0
200685,0
597365,0
262808,0
14312,0
98008,0
575394,0
229049,0
620380,0
238650,0
289997,0
293906,0
9152,0
79578,0
663761,0
292057,0
312553,0
321478,0
647068,0
280446,0
88201,0
422111,0
252899,0
420745,0
24739,0
220083,0
717115,0
249452,0
40838,0
86984,0
766853,0
603776,0
519747,0
371969,0
703040,0
384801,0
292313,0
32993,0
535107,0
338991,0
614972,0
56687,0
750470,0
556530,0
613074,0
167040,0
678270,0
725674,0
605445,0
782401,0
276619,0
639449,0
67443,0
41797,0
174343,0
1749,0
72070,0
234069,0
465560,0
290001,0
715037,0
158739,0
128122,0
24739,0
290201,0
540372,0
340299,0
9045,0
53426,0
508013,0
53684,0
725685,0
86066,0
818242,0
779320,0
784667,0
25800,0
246006,0
366490,0
288459,0
531118,0
725602,0
343272,0
336169,0
802468,0
219141,0
10180,0
671562,0
676528,0
462618,0
148122,0
74971,0
600607,0
257800,0
505846,0
735421,0
155036,0
598147,0
107850,0
810618,0
345570,0
448651,0
221691,0
581460,0
255671,0
800656,0
238124,0
244846,0
696967,0
318926,0
310698,0
269980,0
608293,0
88559,0
293796,0
312458,0
44829,0
236221,0
208420,0
51853,0
202996,0
661646,0
428920,0
230653,0
77351,0
291706,0
692436,0
206964,0
443912,0
176415,0
423523,0
521655,0
610778,0
627899,53431
279675,0
135569,0
505179,0
434249,0
34887,0
372935,0
627878,0
109026,0
60420,0
491552,0
35154,0
239447,0
24159,0
431155,0
57880,0
509820,0
299016,0
620977,0
603540,0
30908,0
329967,0
386702,0
131443,0
237545,0
476209,0
495391,0
233170,0
281232,0
29172,0
321274,0
800710,0
63580,0
468016,0
463544,0
307070,0
28665,0
95066,0
47538,0
620022,0
292560,0
583352,0
601529,0
505430,0
300828,0
760072,0
662666,0
415738,0
158342,0
542446,0
270410,0
634063,0
282985,0
709587,0
632827,0
15373,0
20699,0
491690,0
60541,0
463083,0
602681,0
633243,0
554603,0
750556,0
194440,0
117351,0
485511,0
598158,0
796065,0
44355,0
283914,0
420109,0
217025,0
596089,0
689973,0
13857,0
46449,0
314742,0
16027,0
322686,0
665127,0
99934,0
46489,0
614711,0
508143,0
738782,0
254009,0
153610,0
338629,0
99422,0
279664,0
744095,0
109988,0
752698,0
366763,0
804186,0
39885,0
195226,0
476487,0
158479,0
769192,0
396389,0
584878,0
20137,0
13727,0
761602,0
62347,0
286010,0
503103,0
25159,0
332345,0
25735,0
14318,0
690955,0
479056,0
793013,0
226484,0
53739,0
87624,0
278885,0
24159,0
27497,0
250759,0
290113,0
216616,0
710716,0
598738,0
774391,0
770850,0
65938,0
505179,0
341483,0
301400,0
168737,0
789523,0
257658,0
113008,0
466366,0
102054,0
785327,0
397470,0
594916,0
190662,0
338811,0
99128,0
119822,0
34605,0
444395,0
331316,0
202030,0
137244,0
221617,0
7133,0
610954,0
504863,0
47846,0
680480,0
565386,0
114404,0
252672,0
559412,0
474110,0
159901,0
455287,0
200789,0
345918,0
282489,0
800719,0
367968,0
209913,0
93013,0
262259,0
263344,0
138865,0
124639,0
715952,0
80685,0
335837,0
110108,0
159971,0
98022,0
739931,0
189544,0
47639,0
55922,0
415336,0
341026,0
299302,0
570436,0
166699,0
566002,0
798792,0
7830,0
351500,0
174691,0
632530,0
576258,0
212513,0
182774,0
128803,0
46122,0
456939,0
75273,0
378110,0
356210,0
533415,0
137777,0
154282,0
795316,0
328275,0
793450,0
604916,0
140708,0
64577,0
514440,0
198644,0
383446,0
226776,0
809638,0
291956,0
211868,0
670712,0
262108,0
757775,0
598147,0
312553,0
103106,0
765209,0
713761,0
303100,0
360271,0
608839,0
676395,0
156633,0
316281,0
206616,0
240656,0
440190,0
401060,0
805834,0
798276,0
45348,0
986,0
506022,0
300651,0
709510,0
544900,0
215847,0
183909,0
573951,0
129068,0
63876,0
663088,0
279664,0
46454,0
620666,0
598190,0
527714,0
359608,0
646387,0
609807,0
517215,0
723079,0
57687,0
462282,0
457877,0
340416,0
673681,0
303678,0
478576,0
5395,0
768012,0
29161,0
437702,0
449692,0
135662,0
120361,0
743830,0
68914,0
657961,0
109107,0
367772,0
247,0
237206,0
284466,0
413386,0
521416,0
271048,0
781518,0
599426,0
511939,0
630254,0
129275,0
185936,0
286929,0
602387,0
532995,0
564601,0
228234,0
542670,0
55322,0
335319,0
705593,0
8567,0
619464,0
445182,0
87743,0
304975,0
80682,0
133543,0
279664,0
209117,0
272060,0
777947,0
71368,0
503069,0
632887,0
308299,0
109835,0
234069,0
589241,0
264387,0
26034,0
522538,0
531252,0
59445,0
14224,0
532011,0
264107,0
648542,0
759051,0
656041,0
174686,0
15555,0
476059,0
50589,0
446698,0
457769,0
295675,0
631067,0
702264,0
239051,0
269851,0
26972,0
551858,0
371980,0
183294,0
441344,0
443074,0
101370,0
329931,0
154001,0
553628,0
463522,0
757136,0
47750,0
685007,0
369470,0
471392,0
585025,0
540898,0
284332,0
648437,0
296910,0
251356,0
503553,0
336537,0
789783,0
287223,0
83579,0
686742,0
766304,0
53676,0
696912,0
25838,0
513000,0
244326,0
379517,0
575275,0
230932,0
470414,0
762480,0
23964,0
278700,0
15535,0
479760,0
322043,0
715143,0
251204,0
477924,0
345186,0
619734,0
298352,0
311098,0
774026,0
701307,0
238242,0
257644,0
21585,0
401052,0
509775,0
818763,0
242839,0
64577,0
356024,0
470991,0
780921,111
479604,0
171957,0
149791,0
637025,0
760072,0
597439,0
691752,0
41649,0
346402,0
86259,0
64501,0